:020000040000FA
:10000000021800021803090C09112202180B0B3701
:020010000B41A2
:070013000218132BDE0AF1B5
:07001B0002181B0B05421344
:0700230002182312298222BA
:07002B0002182BE4FFE1CAFB
:060033000218337F0722D2
:06003B0002183B022EE753
:0E004300021843A24D92352202184B022F3BA9
:0F005300021853A24E92382202185B75C8202261
:06006300021863023E508A
:07006B0002186B75ED042281
:10007300021873412C990041073500C135C138413D
:10008300073400E002020000383CE0020200022FC5
:10009300ECE00402000446524545E0010200155419
:1000A300E001020016A5E0E8022568FEFEFEFEFE62
:1000B300FEFEFEFEFEFEFEFEFEFEFEFEFEFEFEFE5D
:1000C300FEFEFEFEFEFEFEFEFEFEFEFEFEFEFEFE4D
:1000D300FEFEFEFEFEFEFEFEFEFEFEFEFEFEFEFE3D
:1000E300FEFEFEFEFEFEFEFEFEFEFEFEFEFEFEFE2D
:1000F300FEFEFEFEFEFEFEFEFEFEFEFEFEFEFEFE1D
:10010300FEFEFEFEFEFEFEFEFEFEFEFEFEFEFEFE0C
:10011300FEFEFEFEFEFEFEFEFEFEFEFEFEFEFEFEFC
:10012300FEFEFEFEFEFEFEFEFEFEFEFEFEFEFEFEEC
:10013300FEFEFEFEFEFEFEFEFEFEFEFEFEFEFEFEDC
:10014300FEFEFEFEFEFEFEFEFEFEFEFEFEFEFEFECC
:10015300FEFEFEFEFEFEFEFEFEFEFEFEFEFEFEFEBC
:10016300FEFEFEFEFEFEFEFEFEFEFEFEFEFEFEFEAC
:10017300FEFEFEFEFEFEFEFEFEFEFEFEFEFEFEFE9C
:10018300FEFEFEFEFEFEFEFEFEFEFEFEFEFEFEFE8C
:10019300FEFEFEE001022650FFE0010226A828E051
:1001A30001022FBBFFE005022FE92FEC02043D41C2
:1001B30003EB060114004103EA014103E801C13DD9
:1001C3000119000117004129790041291A055D2B06
:1001D300A300000000000000000000000000000079
:1001E3000000000000000000000000000000C14308
:1001F3004327EE00000041280200C111C134014031
:1002030000C130C131C13241305400C167432C11A8
:10021300000000412C1000412C1400412DD3FFC1DC
:1002230039C13BC146412C3800015500C128C126C4
:10023300412C2A00412C3700602826170522000094
:1002430000030008F6877788CF7FC04FFBDFFDE010
:100253006700008000808680BA05E87300800F0085
:1002630000600000412165004121780041216800C0
:100273004121610141216B024121630141239D0021
:10028300C1AA412169114121620041239A00C14A57
:10029300C14B41298A964129860FE002022FEE00C5
:1002A30033E00502301C0033040522E00202302152
:1002B3000807E0050238230807050522412DB1FF91
:1002C300412DAAFF412DAD00412DB000C16DE002CB
:1002D3000238280013E00C02382A00000308000348
:1002E30000080522043DE0050238360013FF05220D
:1002F300E00202383B00000075819075FF03759E94
:1003030002120820021892020418900076E47E017B
:100313009360F4A3FF543F30E509541FFEE493A315
:1003230060010ECF54E0B4E00EEFFAEEF9A3A3A3FD
:10033300A3DAFDD9FB80D654C025E0604B5026E4F8
:1003430093A3F85407240CC8C333C4540F4420C8E0
:10035300834004F456800146F6DFE480B0010204D2
:100363000810204080E493A3FAE493A3F8E493A352
:10037300C8C582C8CAC583CAF0A3C8C582C8CAC5CE
:1003830083CADFE9DEE78085E493A3F8E493A3401F
:1003930003F68001F208DFF4020310C2D5E830E768
:1003A3000FB2D5E4C39BFBE49AFAE499F9E498F815
:1003B300EC30E717B2D51203D4121116E4C39BFB3A
:1003C300E49AFAE499F9E498F8800312111630D507
:1003D3000DE4C39FFFE49EFEE49DFDE49CFC2278B4
:1003E30090E4F6D8FD9000007F007E10E4F0A3DFD8
:1003F300FCDEFA903064A3E583C394204011FEAF82
:10040300829020000E0FE48002F0A3DFFCDEFA12DC
:10041300082002030D2232EF900423939008007307
:100423000A20364CE556FF22EFF556220948094DBE
:1004330009520957095C0961096609700975097A46
:10044300097F098E0993099D09A709BBDB1D09C50E
:100453000A150A1A0A1F0A240A290A2E0A330A3815
:100463000A470A510A650A6A0A6F0A7E0A830ABFA3
:100473000AC40AC909040000020A00000007058231
:100483000220000007050202200000090401000108
:1004930002020100052400100105240100010424C7
:1004A30002000524060001070581030800200C95BE
:1004B3000C9A0C9F0CA40CA90CAE0CB30CB80CBD7D
:1004C3000CC20CC70CCC0CD10CD60CDB0CE00CE52D
:1004D3000CEA0CEF0CF40CF90CFE0D030D080000F4
:1004E300000000000C180C220C270C2C0C310C36CD
:0D04F3000C400C4A0C4F0C6D0C72AFEF2248
:100508001201000202000008580600020000000064
:10051800000109020000000100803204030409A25E
:1005280080CACF0998445CAD550641469503860BB1
:100538007800000000000500000600000010000020
:100548002428800000242080000011382100004465
:1005580028800000442080000034382100003F2417
:100568001E16110E0B09070504030201F0C8A79116
:1005780077676046383532302422201400010102A2
:100588000203030404050506060707000D33B0003F
:100598000D33B000000000020C00013F3F3F04048F
:1005A80004404040000000005A2D57617665203411
:1005B8002E363100822D1C16131110100BB40BE1CE
:1005C8000BE60BEB000301020604050D3A0D3F0D87
:1005D800447F01F1CA902C91E01213E6060004064C
:1005E8000814060D15061217062230062734062CA5
:1005F800360631370000061A533CEF853C80802FC1
:10060800533DEF8008533DDF8003533D7F853D9088
:10061800801D533EDF853EA08015533FFE800D535D
:100628003FEF8008533FBF8003533F7F853FB07F34
:100638000CDFFE227F01F1CA9030347401F0903053
:1006480034E0603EB1DD7F05D1DC903034EFF0124C
:10065800148AB1DD7FD7D1DC902C8CEFF0D1DE90FD
:100668002C8DEFF012148A903034E054011221706E
:1006780060CCA3E0F460C7EF30E7C3E4903034F017
:1006880080BCB1DD7F9FD1DC902C8EEFF0D1DE9065
:100698002C93EFF0D1DE902C94EFF0F1C5902C8CD8
:1006A800E0F4601BA3E0F46016902C93E0FD541F67
:1006B800240FA3F0EDC41354074480902C93F02228
:1006C80012122A78081211EAE4E5C820E7FB75FF40
:1006D800028F9122D1D17FFFD1D1E5C820E7FB75E8
:1006E800FF02AF91227F01F1CA304C17B1DD7F05BF
:1006F800D1DC903036EFF012148A903036E020E0EA
:1007080002C24C304C24B1DD7FD7D1DC902C8CEF69
:10071800F0D1DE902C8DEF122170600BA3E0F46015
:1007280006EF30E702C24C12148AE4FFF1CAA24C69
:10073800E433FF22902ED4121287F1F6F186902E20
:10074800D8E06F6037121772D1EDEF60051217818C
:1007580080F612147B122994122B5C6006F1F6784D
:1007680010D1CD902ED4D1C8F1F6E4D1D1902ED8A5
:10077800E0FFF1C3902C907401F0D322C322902E95
:10078800CF121287121772D1EDEF60051217818010
:10079800F6122B52600A902ECF12122A7810D1CD61
:1007A800902ECFD1C8902ECF12122AE4D1DC902EF1
:1007B800D3EFF0F1C5902ED3E0FF22D1D112148AE5
:1007C800E4FFEFB4010775FF02438F402275FF0273
:1007D800538FBF22902C8CE020E012B1D97F3DD1FD
:1007E800D17F2AD1D17F80D1D17FA6F1C322902E8B
:1007F800D402122A75ED0222C0567408C0E0C082E5
:10080800C08375560AE5FF54CF4490F5FF22C056C1
:100818007408C0E0C082C083755620E5FF54CF44F9
:1008280090F5FF22C0567408C0E0C082C083755698
:1008380036E5FF54CF44A0F5FF22C0567408C0E047
:10084800C082C08375564CE5FF54CF44B0F5FF22F3
:1008580090800001169098000116908088011690EB
:1008680080C7011690A827011690AFF3011690AF24
:10087800F6011690B03D011690B7F4011690B70135
:10088800011690B7F7011690C953011690C9560181
:100898001690A950011690C959011690B822011650
:1008A80090B404011690B069011690B49E01169098
:1008B800D07C011690B8D9011690D139011690D183
:1008C80054011690C784011690C486011690D83931
:1008D800011690D881011690A7CD011690A38B011F
:1008E8001690DFEF011690E013011690E03D011617
:1008F80090A2B9011690DA9B011690A5C90116902D
:10090800A253011690E073011690E08E011690C173
:1009180084011690E0E0011690D45E011690E80D6F
:10092800011690E2FB0116909BF4011690DAB601CD
:100938001690CC4F011690E896011690DC4E0116E1
:1009480090E93C011690EB880116909DAB0116903A
:10095800EB96011690ECBF011690E631011690E572
:1009680094011690E3EE011690ED0D011690EE65D8
:10097800011690E4B9011690EEEE011690BA6B01DB
:1009880016908153011690DFC00116909D7B0116C9
:1009980090BCC70116909FF0011690EF9301169036
:1009A8009FEB011690C09B011690D654011690D566
:1009B800CF011690DB0D011690DB21011690DFA206
:1009C800011690DB78011690EFCB011690D96A01D9
:1009D8001690D9E4011690EFE2011690EFFE011689
:1009E80090BE2A011690BA1C011690EE6E01169060
:1009F800EDEB011690EE5A011690EDA9011690EE56
:100A080083011690B7AF011690B7B5011690A08C68
:100A1800011690A165011690F006011690F04701A5
:100A28001690CBA2011690E455011690F0560116C7
:100A380090E601011690D8BA01169085D401169057
:100A4800BF18011690A6A80116909FA80116909F9E
:100A580068011690ECBA011690E522011690F12F64
:100A6800011690F13C011690818C011690EBE8017B
:100A78001690D6C9011690B760011690DDFA0116D6
:100A880090F15A011690DEDC011690F16E01169075
:100A9800F185011690F25F011690BDD3011690F210
:100AA80062011690F2AA011690AF19011690F2ADE4
:100AB800011690D953011690BF30011690DF7701C7
:100AC8001690DAD7011690A6B8011690A4FA011666
:100AD800909B72011690DD92011690DD3D011690F3
:100AE800CB6A011690C9AB011690F37F011690C42A
:100AF800AF011690D758011690A97D011690F4E61B
:100B0800011690F4F3011690E147011690E1AF0148
:100B18001690F503011690F534011690F555011657
:100B280090F573011690F60E011690F5C701169010
:100B3800F635011690C7E10116909649011690EB1B
:100B480075011690EAC3011690E94B011690EB4324
:100B5800011690C919011690C98B011690EB39013D
:100B68001690B7C5014290B14E014290B6180142A5
:100B780090B88A014290B15E014290BACF0142908A
:100B8800B56B014290BB41014290BC1D014290BD32
:100B980012014290BD74014290BD27014290BA3FB4
:100BA800014290BB93014290BD7A014290BD8701FA
:100BB8004290B104014290AE9A0142909470014271
:100BC80090BE1B014290A6A7014290A84401429002
:100BD80080000142908FFA014290BEE4014290BE2B
:100BE800FC0142909561014290BFAD014290BFC5A2
:100BF800014290C090014290B0720142909B510115
:100C08004290C170014290C17D014290B2E401421C
:100C180090C1F8014290AC84014290C20601429012
:100C2800AFF5014290AE3A014290C23C014290AC0D
:100C3800A7014290C221014290BB15014290AB1717
:100C4800014290C251014290C2A4014290AE660195
:100C58004290C300014290AD2D014290C35F014212
:100C680090C189014290C3BC014290A2AA0142905E
:100C7800AB95014290AE1B014290C479014290C1EC
:100C8800E2014290BCD6014290C559014290A0B3FE
:100C9800012C909CEA012C909D6E012C90A0BF0124
:100CA8002C90A0D8012C90A0E6012C90A0F8012C43
:100CB80090A104012C909BF4012C90A125012C906B
:100CC8009DC4012C909E72012C90A131012C909E04
:100CD800D5012C90A13D012C90A149012C909E1A80
:100CE800012C90A155012C90A179012C90A185018E
:100CF8002C90A19D012C908000012C90A1E1012C49
:100D080090A21E012C9082A3012C90A2F6012C9097
:100D1800A34D012C9080AF012C90990E012C909737
:100D280056012C9098C0012C909B93012C90A435CF
:100D3800012C90A5C9012C90A421012C909AFE01A8
:100D48002C00E709F608DFFA8046E709F208DFFA1F
:100D5800803E88828C83E709F0A3DFFA8032E309BA
:100D6800F608DFFA8078E309F208DFFA80708882F3
:100D78008C83E309F0A3DFFA806489828A83E0A385
:100D8800F608DFFA805889828A83E0A3F208DFFA3E
:100D9800804C80D280FA80C680D4806980F280330B
:100DA800801080A680EA809A80A880DA80E280CAD3
:100DB800803389828A83ECFAE493A3C8C582C8CCBD
:100DC800C583CCF0A3C8C582C8CCC583CCDFE9DE17
:100DD800E7800D89828A83E493A3F608DFF9ECFAA9
:100DE800A9F0EDFB2289828A83ECFAE0A3C8C582C8
:100DF800C8CCC583CCF0A3C8C582C8CCC583CCDF1A
:100E0800EADEE880DB89828A83E493A3F208DFF9CB
:100E180080CC88F0EF60010E4E60C388F0ED2402AC
:100E2800B4040050B9F582EB2402B4040050AF2397
:100E380023458223900D9A73BB010689828A83E039
:100E4800225002E722BBFE02E32289828A83E493CE
:100E580022BB010B89828A83F8E0C828F0E8225077
:100E68000327C722BBFE07F8E3C828F3E8228A83D2
:100E78008982E49322BB010CE58229F582E5833A55
:100E8800F583E0225006E92582F8E622BBFE06E952
:100E98002582F8E222E58229F582E5833AF583E4A2
:100EA8009322BB010989828A83F8E028F022500343
:100EB80027F722BBFE05F8E328F3228A838982F804
:100EC800E4932822BB010FF8E58229F582E5833AED
:100ED800F583E028F0225009C58229F8E58226F634
:100EE80022BBFE09C58229F8E22582F222F8EA250A
:100EF80083F583E9932822BB010689828A83F0223D
:100F08005002F722BBFE01F322F8BB010DE582294E
:100F1800F582E5833AF583E8F0225006E92582C890
:100F2800F622BBFE05E92582C8F222EF8DF0A4A8BF
:100F3800F0CF8CF0A428CE8DF0A42EFE22BC000B9E
:100F4800BE0029EF8DF084FFADF022E4CCF875F0F7
:100F580008EF2FFFEE33FEEC33FCEE9DEC984005D6
:100F6800FCEE9DFE0FD5F0E9E4CEFD22EDF8F5F09C
:100F7800EE8420D21CFEADF075F008EF2FFFED33A4
:100F8800FD4007985006D5F0F222C398FD0FD5F022
:100F9800EA22C2D5EC30E709B2D5E4C39DFDE49C52
:100FA800FCEE30E715B2D5E4C39FFFE49EFE120FB6
:100FB80045C3E49DFDE49CFC8003120F4530D50732
:100FC800C3E49FFFE49EFE22C5F0F8A3E028F0C525
:100FD800F0F8E582158270021583E038F022A3F854
:100FE800E0C5F025F0F0E582158270021583E0C8AF
:100FF80038F0E822BB010A89828A83E0F5F0A3E091
:1010080022500687F009E71922BBFE07E3F5F0092D
:10101800E3192289828A83E493F5F074019322BB51
:10102800010789828A83020FD0500B09C5F027F780
:10103800C5F01937F722BBFE0D09F8E325F0F3C513
:10104800F019E338F322F889828A8374019325F032
:10105800C5F0F8E4933822BB010A89828A83F0E557
:10106800F0A3F0225006F709A7F01922BBFE06F3F9
:10107800E5F009F31922EF2BFFEE3AFEED39FDEC0E
:1010880038FC22E88FF0A4CC8BF0A42CFCE98EF07D
:10109800A42CFC8AF0EDA42CFCEA8EF0A4CDA8F0D8
:1010A8008BF0A42DCC3825F0FDE98FF0A42CCD359C
:1010B800F0FCEB8EF0A4FEA9F0EB8FF0A4CFC5F006
:1010C8002ECD39FEE43CFCEAA42DCE35F0FDE43CFF
:1010D800FC2275F008758200EF2FFFEE33FECD334A
:1010E800CDCC33CCC58233C5829BED9AEC99E58291
:1010F80098400CF582EE9BFEED9AFDEC99FC0FD51D
:10110800F0D6E4CEFBE4CDFAE4CCF9A88222B8000C
:10111800C1B90059BA002DEC8BF084CFCECDFCE5D7
:10112800F0CBF97818EF2FFFEE33FEED33FDEC33FB
:10113800FCEB33FB10D703994004EB99FB0FD8E580
:10114800E4F9FA227818EF2FFFEE33FEED33FDECC9
:1011580033FCC933C910D7059BE99A4007EC9BFCBF
:10116800E99AF90FD8E0E4C9FAE4CCFB2275F0104B
:10117800EF2FFFEE33FEED33FDCC33CCC833C81070
:10118800D7079BEC9AE899400AED9BFDEC9AFCE89E
:1011980099F80FD5F0DAE4CDFBE4CCFAE4C8F922EB
:1011A800EF5BFFEE5AFEED59FDEC58FC22C3E49FBD
:1011B800FFE49EFEE49DFDE49CFC22EB9FF5F0EA33
:1011C8009E42F0E99D42F0EC6480C864809845F046
:1011D80022EB9FF5F0EA9E42F0E99D42F0E89C453B
:1011E800F022E8600FECC313FCED13FDEE13FEEFE5
:1011F80013FFD8F122E8600FEFC333FFEE33FEEDA3
:1012080033FDEC33FCD8F122BB010789828A8302C3
:1012180012875005E9F802143FBBFE05E9F80214ED
:101228004B22E0FCA3E0FDA3E0FEA3E0FF22E49351
:10123800FC740193FD740293FE740393FF22E0F89B
:10124800A3E0F9A3E0FAA3E0FB227401FF3395E0E1
:10125800FEFDFCA3A3A3E02FFFF0E5821582700238
:101268001583E03EFEF0E582158270021583E03DAD
:10127800FDF0E582158270021583E03CFCF022EC5B
:10128800F0A3EDF0A3EEF0A3EFF022A8828583F09F
:10129800D083D0821212AA1212AA1212AA1212AA69
:1012A800E473E493A3C583C5F0C583C8C582C8F0B9
:1012B800A3C583C5F0C583C8C582C822A42582F505
:1012C80082E5F03583F58322E0FBA3E0FAA3E0F999
:1012D80022EBF0A3EAF0A3E9F022E493FB74019374
:1012E800FA740293F922BB010789828A830212D019
:1012F8005005E9F8021457BBFE05E9F8021469899C
:10130800828A830212E2BB011A89828A83D0F0D0D2
:10131800E0F8D0E0F9D0E0FAD0E0FBE8C0E0C0F0B7
:101328000212D95016E9F8D083D082D0E0F9D0E083
:10133800FAD0E0FBC082C083021460BBFE16E9F855
:10134800D083D082D0E0F9D0E0FAD0E0FBC082C0F0
:101358008302147222BB010DE58229F582E5833AE6
:10136800F5830212D05007E92582F8021457BBFE14
:1013780007E92582F8021469E58229F582E5833AAE
:10138800F5830212E2BB0120E58229F582E5833A62
:10139800F583D0F0D0E0F8D0E0F9D0E0FAD0E0FB67
:1013A800E8C0E0C0F00212D95018E92582F8D083CD
:1013B800D082D0E0F9D0E0FAD0E0FBC082C083024E
:1013C8001460BBFE18E92582F8D083D082D0E0F9FA
:1013D800D0E0FAD0E0FBC082C08302147222D0832E
:1013E800D082F8E4937012740193700DA3A393F85C
:1013F800740193F5828883E4737402936860EFA3A1
:10140800A3A380DF8A838982E473EC8EF0A4CCC521
:10141800F0CCCDF8EFA4CEC5F02DFDE43CFCE8A45B
:101428002EC8C5F03DFDE43CFCEFA4FFE5F028FE26
:10143800E43DFDE43CFC22ECF608EDF608EEF60887
:10144800EFF622ECF208EDF208EEF208EFF222E6EF
:10145800FB08E6FA08E6F922EBF608EAF608E9F6E8
:1014680022E2FB08E2FA08E2F922EBF208EAF208C3
:10147800E9F2227F011207CAD24C1205DD7F06125B
:1014880006D1F1F0EF70FB902C93E0F4600A9030F5
:10149800337406F0B10470FC902C91E071E614C22C
:1014A8000414CA1414CF1514D41714E43014E934EE
:1014B80014EE3614F337000014DC433C10853C80EE
:1014C800802F433D108008433D208003433D8085A5
:1014D8003D90801D433E20853EA08015433F0180FE
:1014E8000D433F108008433F408003433F80853FC2
:1014F800B0903033740CF0B10470FC22903033E0BB
:1015080014F0E022F1721206EDEF6004F18180F62A
:10151800917B1205DD7F011206D17F031206D1915E
:101528008AE4FF0207CA7A2C79917F031244EA7A87
:101538002C799A7F081245E77A2C79977D027F09E2
:10154800120B877B017A2C79957D027F0B120B8712
:10155800902C95D1E66006BEFF1BBFFF18902C9A11
:10156800E024FD6003047004D1FE8009902C95E40A
:10157800F0A37440F0902C9AE024FD6003047008F6
:10158800902C927403F08006902C927402F0902CA8
:1015980091E071E615B80415C31415CB1515D317CA
:1015A80015E93015F13415F936160137000015DE46
:1015B80075FF015338EF8538FD804775FF015339B2
:1015C800EF800E75FF015339DF800675FF0153392F
:1015D8007F8539C9802C75FF01533ADF853ACA8067
:1015E8002175FF01533BFE801675FF01533BEF80C9
:1015F8000E75FF01533BBF800675FF01533B7F8586
:101608003BCB918A7F31D1EDE4FF12185E12063C84
:10161800902C8F7402F0902C93E0247F6009047062
:1016280016D1F6740A80071207DCD1F67458F090C8
:101638002C927403F0D1FE902C94E0F46002C1E186
:10164800902C97E0FEA3E0FF64104E7006902C9457
:10165800740EF0EF64204E7006902C94740FF0EF27
:1016680064404E7006902C947410F0EF64804E70B5
:1016780006902C947411F0E4B5070AEEB4010690B4
:101688002C947412F0E4B5070AEEB40206902C9478
:101698007413F0E4B5070AEEB40406902C9474149D
:1016A800F0E4B5070AEEB40806902C947415F0E43B
:1016B800B5070AEEB41006902C947416F0E4B5073A
:1016C8000AEEB42006902C947417F0E4B5070AEEDD
:1016D800B44006902C947418F0A10C902E85E0FE6E
:1016E800A3E0FF4E2275FF02EF4440F58F227F30C2
:1016F800D1ED902C8F22902C957401F0A3E4F02268
:10170800902D6B5187902D6F51D9F1721206EDEF24
:101718006004F18180F6917B122994122B5C600A97
:10172800902D6B512A78101206CD902D6B1206C899
:10173800902D6B512AE48023902D7212180A602094
:10174800902D6F1244FC6011902D6F124567FF12A7
:1017580006D1902D70F1E980DFE4FF1206D180D820
:101768001207C5902C907401F02275FF02E5E43051
:10177800E10675E40675E40322E51530E20FE51588
:1017880020E50AE51530E0057F01121EC022902DE4
:10179800745187902D7851D9F1721206EDEF6004DB
:1017A800F18180F6122B52600A902D74512A78101C
:1017B8001206CD902D741206C8902D74512AE41289
:1017C80006D1902D7B12180A60101206DE902D7833
:1017D8001244B6902D79F1E980E8918AE4FF020776
:1017E800CAE475F001020FD0E5C85480FF228FEFDC
:0117F80022CE
:061800000202FB020907D1
:101808007FB874FFF5F0120FE645F02290049E129F
:1018180012D0E92290049E1212D0E92404F9E43A85
:02182800FA22A2
:10182B00022FBC902C8EE0120EFF902C93E09000B8
:0E183B0001120F11902C94E0900002020F1188
:10184B00023846D39FEE6480F874809822020B6EA8
:10185B00022CCF903035EFF0902C9AE0640270267A
:10186B001205D9903035E07FAB60027FB91206D1FB
:10187B0012148A903035E0902C99F070047F1EDFA3
:10188B00FEE4FF1207CA2275FF0275E404E4F5E4D7
:10189B001203E2123E79900736EFF0901200E0B49B
:1018AB007A14901214E0B49C0D900736E0FF640597
:1018BB006004EFB4032EE490073FF090073FE0FF86
:1018CB00C394805013E42FF582E43412F583E4F0D3
:1018DB0090073FE004F080E3901200747AF09012CE
:1018EB0014749CF0120B914003120B8C7B017A1237
:1018FB0079107F011245E77A1279117D017F211250
:10190B000B877A1279127F221244EA7A1279177DA9
:10191B00017F02120B87901217E0B401057F0112B1
:10192B00418E120B28123E79120B23900736EFF0E3
:10193B00120C0E120B19900736E0FF120D17EF2445
:10194B00FFB3926775FF0253E6BF122F96120B324D
:10195B00122060206709122F0F12462A1209AC7F42
:10196B0001D1C0D2AF20670221FB120B961208B730
:10197B00120D12120B8240F2900735E06041120BF0
:10198B0055EF70051245424036E51470FCE5152005
:10199B00E502D1E1120871EF70FA123E35500512D3
:1019AB003E2150047F01115E900735E0B40204E440
:1019BB00FF8009900735E0B403057F01123F361213
:1019CB000B50E51530E1A31245124002E4F0E5158A
:1019DB0020E50451C751E51244BDAF82AE83EFC081
:1019EB00E051D5900738E0FDD0E0FF120C042175D3
:1019FB00122F5A900735E06047201A032009411235
:101A0B000B55EF70051245424036E51470FCE51599
:101A1B0020E502D1E1120871EF70FA123E35500544
:101A2B00123E2150047F01115E900735E0B4020491
:101A3B00E4FF8009900735E0B403057F01123F36C0
:101A4B00900735E0600C201A0930090620020312BA
:101A5B000984120B961208B7123D6D120D0D20362C
:101A6B0005120B5080221208CB90072EE0FEEFC31D
:101A7B009E4005EF9EFF800890072EE0F4042FFF99
:101A8B007406D39F5002C236E51530E1271245127A
:101A9B004002E4F0E51520E50451C751E51244BDC1
:101AAB00AF82AE83EFC0E051D5900738E0FDD0E0B8
:101ABB00FF120C04120AF6122F6B21FB900737E072
:101ACB00FD75F0AA9007431212C4ED75F002A42421
:101ADB0030F9740735F0FA7B0122AF82AE837D01BA
:101AEB0090048CEEF0A31244E4E5147078F10D50E1
:101AFB0004C259717190048CE0FEA3E08E11F512B3
:101B0B00A31212D09003EC1212D9AE11AF127DAA10
:101B1B00123B0DE4F5FF75D908F510E5155421605E
:101B2B002CE51530E505E4FF123415E4900491F033
:101B3B00900491E004F0123453EF6009900491E0AB
:101B4B00C3941040EB7F02120D355315DE9003E862
:101B5B00E07F00B403027F011235A6D2597171D216
:101B6B00EBA23C92ED2290303AE5F4F0E0547FF595
:101B7B00F47F827E00F135F12EF11D5005E5FC203E
:101B8B00E6F730590890303AE04480F5F4F128F14B
:101B9B001D5005E5FC20E6F775FF01E5D520E702B2
:101BAB00C322E5F4D330E601C32290049E1212D96E
:101BBB00D250C2EBE5146002C120E51530E202C33E
:101BCB0022111424E512465E123CE8111C120FFC84
:101BDB005407FF9003EAF01237AC9004A1EFF0E545
:101BEB001520E06CF11540047F01D1C09004A1E0F9
:101BFB00FF7B017A0479A2F168E4337004D2EBA184
:101C0B00FE9004A1E024C91246C9E0FF9004A2E0B3
:101C1B00D39F403CD2EB123BBAA23C92ED9003FB1C
:101C2B00E06012111424E5124650120EFF43150406
:101C3B00124581D322900409E070137A0479097C50
:101C4B00307D2B7464124599E4A3F01208DAC32299
:101C5B00F1155004C2597171F1FCE5D120E0FBE4A0
:101C6B00F510111C120FFC5407C39403E49400509D
:101C7B0030111424B1D180FF111424D8D1802FFF3F
:101C8B00E433FED3EF9440EE648094804013111440
:101C9B0024E5124615120EFF431504A23C92EDD318
:101CAB002211142408F9E43ACFE9CFF5118F121160
:101CBB001424B1D180F516AE111241DA111424B2ED
:101CCB00F9E43A8B1CF51D891E111424D8D180F52B
:101CDB001F111C120FFCFDACF05460602F1114246B
:101CEB00D9D180FF123B94C250D170FB7A00900483
:101CFB000A1246C17D18120F33EF2BFFEA3EFEEF9F
:101D0B002414FBE43EFA7D027F01A1EA111C120FA1
:101D1B00FC54079003EAF0751408111424B2F9E48B
:101D2B003AFA123A9B111424D8D180FFAD16123A0D
:101D3B00D59003EAE0640370237B01FDD140114E83
:101D4B0050057401120EAAE4F5FF123AB7120E40B9
:101D5B002428FBE433FA7D03E4FFA1EA9003EAE0D5
:101D6B006402702AD143114E400574FF120EAAE48F
:101D7B00F5FFE5D25480440AF5D2120E402414FB31
:101D8B00E433FA7D027F01123C34D1878054E4FBAB
:101D9B007D01D140114E400574FF120EAAE4F5FFF0
:101DAB00111CF1EB7F0560027F0AEF547FFFE5D238
:101DBB0054804FF5D2E4F5FF43D280D170FD7C0007
:101DCB00111CF1EB7E0060047F0A80027F05EF257A
:101DDB00E0FFEE33FEEF2DFBEE3CFA7D017F0112AF
:101DEB003C34111C120FFCFFAEF0A250924F123577
:101DFB00B54006A23C92EDC3221245819004A1E0AE
:101E0B00FF111424E7F9E43AFAEF120EFFA23C9209
:101E1B00EDD2EBD322A23C92EDD2EBC3229027BBA7
:101E2B00E075F016A424E9F9741F35F0FEAF01E458
:101E3B00FCFD020786FFD18C90049E1212D0E92480
:101E4B00B1F9E43AFA120E40FF90049E1212D0E957
:101E5B0024D8F9E43AFA120E402FFFE433FEEF24B4
:101E6B0001FFE43EFE90049E1212D0E924B2F9E485
:101E7B003AFAE92407F9E43AFA020E40E4FB7D0151
:101E8B00FFE4F5FF75D102E5D120E0FBE4F5FFF5AA
:101E9B00D1EF6008E4F5FF43D2808006E4F5FF53F1
:101EAB00D27FEB6006E4F5FF43D104ED6006E4F569
:101EBB00FF43D10822EF600C51C7AF82AE83E4FD24
:101ECB0051EB800F3035037F0022120B64D1E1E41C
:101EDB0033FF227F0122E5147026F10D5004C25905
:101EEB0071711234307F08120D35F1FCE5D120E011
:101EFB00FB4315205315FEE4F510A23C92EDD322C3
:101F0B00C322C2EBA2ED923CC2EDE5F4C330E70174
:101F1B00D32275FF03E591C330E701D3227FE87E1F
:101F2B0003F13575FF0343918022902F1FEEF0A331
:101F3B00EFF07B017A2F79211233E45014902F218B
:101F4B00E0FEA3E0FF902F20E09F902F1FE09E402C
:101F5B000B902F1FE0FEA3E0FF12273322902F2FB1
:101F6B00EFF0A31236E875FF011233B3EF64016093
:101F7B0002C322E5F430E602C3227FE87E03122778
:101F8B0033F12E123567400122C2597171902F2FF8
:101F9B00E0FF12341553F4DFD25971717F787E0054
:101FAB0012275075FF0153E4BFE5E430E7FB123E07
:101FBB000C7F8A1236F130E606122716E48008757C
:101FCB00FF01122716E5D9120EFF75FF0143E440FE
:101FDB00124708400343F420123567400122D322F5
:101FEB00120FFC441045F022C2AFEFF45215D2AFE2
:101FFB0022E4F5FFE5D154FE4402F5D1227E267F83
:10200B00AAE4FDAB05E4FCFD902ED8EBF002073CF7
:10201B00902F90E075F005A4242EF9742B35F0FE6B
:10202B00AF017B017A2B799E902E807405F0902E58
:10203B007DF1C7C007902E7D1212D0902E80E0FF4D
:10204B00902D7BE4F0A3EFF0D0070217967B019065
:10205B002E80F080D912152E120B46120C09120B82
:10206B009B900736E064017002211A7FFF1208A8CB
:10207B009004771212D97E007F15121E3ABF540EB0
:10208B007E007F16121E3ABFA5047F0180027F00DF
:10209B00900734EFF064017055900477F1EE7A04F9
:1020AB00797D7402115890047DE0FEA3E0FF90044B
:1020BB007712456DE92407F9E43AFA90047A121283
:1020CB00D9E92408F9E43AFEAF017B017A04797D62
:1020DB00902E807402F0113990047DE06405700439
:1020EB00A3E0642260081208AD900734EFF090076C
:1020FB0034E0701B7E007F10C006C3743C9410FE4E
:10210B007438124482D006F1CEE4FFFE1208B212EC
:10211B000A5B12099812091B306705754F0180374E
:10212B00124494120876F1D5FE4FFDA3E0FC4DFD51
:10213B00A3E0FB4D600BEE5FFFEC5FFFEB5FF4701A
:10214B0002D1BCE54F54032439F582E43407F583FF
:10215B00E0654F90072FF0E4902E18F0902E16F0BC
:10216B00A3F002000AF0902C8CE0FFF422902F9049
:10217B00E075F005A4242EF9742B35F0FEAF017B2E
:10218B00017A2B7999902E09E4F0A37405F0902E27
:10219B0006F1C7C007902E061212D0902E091245D9
:1021AB00B2D007902CF8121287902CFC1212D990F7
:1021BB002CFC1212D0902CFF122B45902CF81212E3
:1021CB002AF1F65002417A902C96E024FFFF902CD6
:1021DB0095E034FFFEE4FCFD902CF8121246121130
:1021EB00A8902D01EEF0A3EFF04E603B902D015126
:1021FB00D2902C96E09FFF902C95E09EFE902D01A7
:10220B00F0A3EFF0902CFFE0FCA3E0FDD39FEC9E3E
:10221B005006A3ECF0A3EDF051854A6004517C808D
:10222B00417E007F00803B902CFF1216E6603E90B3
:10223B002C95E0FCA3E0FDD3EF9DEE9C400A902D86
:10224B0001ECF0A3EDF0800D902CFFE0FFA3E0A3D9
:10225B00CFF0A3EFF051854A6004517C80047E00DF
:10226B007F00902CFDEE8FF0120FD080BAD322C3DB
:10227B0022902D01E0FEA3E0FF22902CFC1212D045
:10228B00902D01E0FFA3E0902D72CFF0A3EFF09023
:10229B002CF812122A121708902D01E0FEA3E0FF72
:1022AB00C3902D00E09FF0902CFFE09EF0902CF857
:1022BB00121246E4FCFD12107E902CF8121287903D
:1022CB002CFC1212D0E922E0FEA3E0FFC322902CDB
:1022DB0041121287E4F5FF75BB0575BB8575FF01D0
:1022EB0075D502205405F1221233FA75FF0143D53F
:1022FB00203054026198E4F5FF538EF7438E077D2F
:10230B0004E4F5FF8DBCF5FF43B102E5B130E2FB10
:10231B00E4F5FFAFDFEFFEACDEECFBEBFFED25E012
:10232B00243FF582E4342CF583D1FEF5FFF5FF5302
:10233B00B1FD0DEDB40CCA902C41B129FF780912F7
:10234B0011EAA3D1FEFDED25E02449F582E4342CFE
:10235B00F583E0C313FAA3E013FBD1AF1237972B2E
:10236B00FFEE3AFED1AFEEF0A3EFF0ED24049012A6
:10237B000DF0EDC394075015CFEDCF0DEFD1B0514C
:10238B00D2902C46E09F902C45E09E50B9E4F5FF8F
:10239B00758EC8F5FF90120DE0F5BCE4F5FF75BB2B
:1023AB008075FF01F5D522902BDD12128775FF0288
:1023BB0043E180123430F19B902BF2121293002DDB
:1023CB00C6C0E4F5FFF5A490120EF0A3F0902BED30
:1023DB007402F0F105FFF595EF14601314601C24E3
:1023EB00027027902BDDB129D1A8902BE980169094
:1023FB002BE1B129D1A8902BEA800A902BE5B129CA
:10240B00D1A8902BEBE0902BF6F01240D4902BF64A
:10241B00E0700FF5FFF59675FF0175D70975F41888
:10242B00805B90120EE004F0902BEDE01236D8900A
:10243B002BF2B129FF902BEE124182C31211D9500E
:10244B000A902BEEB129FFA3121287902BF6E0FF17
:10245B00123F54902BECE0FFA3E0FDA257925512D4
:10246B003FB3A3B129FF902EDF121287902BEDE023
:10247B00FF1240E1902BEDB11BFF12352BF10D60DC
:10248B000261DE7402F0F105F595E5F45407701C5A
:10249B00902BF2D17E78011211EA902BEDE0FB121A
:1024AB004174121287EBB11CFF12352BF10D70D654
:1024BB0075FF03759580124708400343F420A2571C
:1024CB009256124005902BF2B1292420FFEE344E88
:1024DB00D1A0E4FB7A04F9F8D18E78011211EAC28B
:1024EB005451D9E4F5FFE5BD54F84404F5BD901201
:1024FB00137401F07E127F01E4FD8F828E83EF2D2A
:10250B00124700FC901213E02CF00DEDB412EB22ED
:10251B00E025E025E02401F582E43412F583E0FCAC
:10252B00A3E0FDA3E0FEA3E022902D031236E8907A
:10253B002D0912129300000001902D0D7401F0F57E
:10254B00FFE5D554C07005121F155002C322E4F5E8
:10255B00FF53967F75FF0175D504F12275FF01437B
:10256B00D508E4F5FF5394FBF5FF53847FF5FF7516
:10257B0098FF902D07E5F4F075F49C75FF01A3E52A
:10258B00E4F075E4257B017A2D790D123640902D00
:10259B000DE064016002C15CF5FF902D067414F030
:1025AB00902D09B129FF78011211FD902D091212FE
:1025BB0087E5A730E1FB43A702902D09B129FFE581
:1025CB00A730E005E47B018002E4FBFAF9F8EF4B5E
:1025DB00FFEE4AFEED49FDEC48FC902D09121287E7
:1025EB00902D06E014F070B8902D09B129FF7810EA
:1025FB001211EA7B6D7A4E79C6784112108BEF245B
:10260B0039FFEE3430D1A0E4FBFA7901F812111640
:10261B00EE547FFEE4FDFC12379F902D09B129FF8C
:10262B00EB6FFFEA6EFEE8CDEFCDCCEECCECFF907E
:10263B002D03F119EF120EFF902D03F119900001EC
:10264B00ED120F1190120FE030E606E4F5FF7596D0
:10265B008075FF01E4F5D5902D07E0F5F475FF01CA
:10266B00A3E0F5E4123FA2902D0DE0B40103D3805B
:10267B0001C322FF7E04FDFCE0F8A3E0F9A3E0FA1E
:10268B00A3E0FB12108BE47B7DFAF9F8121116EF25
:10269B002401FFE43EFEE43DFDE43CFC22FF902BD5
:1026AB00EE021287ED25E02447F582E4342CF58306
:1026BB0022E4FF121EC0EF6039F1E7B1345005126E
:1026CB0046F840F57B017A07793BB134500EF1D5D2
:1026DB005FFFA3E05FFFA3E05FF460E87F01121EE2
:1026EB00C0754F017E007F08F1E7902E09E4F0A33F
:1026FB00F1C222EEF0A3EFF0E42275FF03902BED75
:10270B00E022902BEDE0FF14F0EF22902F30E0FB56
:10271B00A3E0FAA3E0F9227F3FFEF133121F2E75DF
:10272B00FF03E59120E7FB2275FF03D3EF9402EE45
:10273B009400400874FE2FFF74FF3EFEEFF592EEFF
:10274B00540FF59122CDEFCDCCEECCF18FAB94EFB6
:10275B004B1236E0CBEFCBFAE59130E719F192A9AA
:10276B0094E9F582EF4582FFEB1246A9C3EF958200
:10277B00E5F0958340E2E59120E708CEECCECFED76
:10278B00CFF1252275FF03AF93EF75F010A4FF2255
:10279B00F1B853DB7F75FF0175D5027F147E00F115
:1027AB0025F1B843DB8075FF01E4F5D52275FF01F8
:1027BB00438E1075FF01227404F021991212D9E493
:1027CB00FCFD22319974FFFDFC22900739E0FFA339
:1027DB00E022F9E43AFA902E391212D97B017A07EA
:1027EB007939221212D0AE02AF0122902B70121245
:1027FB0087902B741212D9E4902B97F0D3902B78EF
:10280B00E0941E902B77E094004001227B017A2B01
:10281B007979902B777110902B7012122A121796D0
:10282B00902B741212D0E94A600B902B97E0F58233
:10283B001171FF80027F00902B97E02479F582E4E1
:10284B00342BF583E06F6002C322902B97E004FFDB
:10285B00F0D3902B78E09F902B77E0940050C1221F
:10286B001212D0854A82758300020E7D902EC911FB
:10287B00EFE58F20E0FB11F6E4FF902EC91212D08A
:10288B008F821171F5930FEFB410EFE4FF902ECC04
:10289B001212D08F821171F5940FEFB410EF2290BA
:1028AB002DB311EFE58F20E0FB11F67E10902DB6C6
:1028BB0011E81171F593EE70F47E10902DB311E8C1
:1028CB001171F594EE70F47F0131067107EF70FB17
:1028DB007E10902DB911E851D9EE70F6221212D05C
:1028EB001E8E82221212D975FF012275FF01538FA2
:1028FB000675FF01538FF075FF0122EFB4010751ED
:10290B00F84401F58F2275FF01E58F54F04406F56D
:10291B008F22902F0B1212D9902F0E31F2943F4031
:10292B0003743FF075FF02E5CD30E105E4F5498016
:10293B0003754901E5496030E5FD254A04543FFF25
:10294B00E5DD543F6F6021902F0E319D501A902F73
:10295B000B116BAEFD51CE543F248EF582EC340639
:10296B00F583EFF0054A80CCE5496008E5FD254A83
:10297B00543FF5FDAF4A22903063EFF07B017A3084
:10298B0079637D01311D7F01221205DD902C8FE0D3
:10299B00FF22E0FFE54AC39F22902F131212D9901A
:1029AB002F1631F2943F4003743FF075FF02E5CBD5
:1029BB00254A543FFFE5DB543F6F601E902F1631C5
:1029CB009D5017ADCB5148543F244EF582EE340643
:1029DB00F583E0902F13515080D4E54A600625CB48
:1029EB00543FF5CBAF4A22EDF0E4F54AEDD32290FC
:1029FB002F171212D9902F1A31F2941F4003741F04
:102A0B00F075FF02E5CC254A541FFFE5DC541F6F20
:102A1B00601E902F1A319D5017ADCC5148541F2476
:102A2B00CEF582EE3406F583E0902F17515080D40B
:102A3B00E54A600625CC541FF5CCAF4A22ED254A5A
:102A4B00FF7E00EF22FF1212D0854A82758300EFC2
:102A5B00120F11054A22902F0F1212D9902F12ED3F
:102A6B00F075FF02E4F54AEDD3941F4003741FF099
:102A7B0075FF02E5CD30E205E4F5498003754901A8
:102A8B00E5496030E5C9254A04541FFFE5DE541FB4
:102A9B006F6021902F12319D501A902F0F116BAE3A
:102AAB00C951CE541F24EEF582EC3406F583EFF0BA
:102ABB00054A80CCE5496008E5C9254A541FF5C98C
:102ACB00AF4A22FFE54AFDEE2DFD7C00ED2275831A
:102ADB0000E593020F11902FF011EFE4FF902FF010
:102AEB001212D08F8251D90FEFB410F12275FF0162
:102AFB00E58F54F62251F84408F58F2275FF01E556
:102B0B008F5401FF22E0FFA3E0902D7BCFF0A3EFCA
:102B1B00F0227B017A3079317D0131A4903031E0A4
:102B2B00FF22902E0D1227C7C007902E0D1212D028
:102B3B00902E107145D0070227F6E0FFA3E0902BF3
:102B4B0077CFF0A3EFF0227F011207CA1205DD7FCA
:102B5B00031206D1902C92E0640222121772120615
:102B6B00EDEF600512178180F522902C90E0FF228B
:102B7B00E4902C90F022E4FD7C0CAB050DEB900562
:102B8B00B0938F828E83F00FBF00010EDCEC02003E
:102B9B00368F828E83E4F0740471AF743D71AFA3F2
:102BAB00A3E4F022A3F08F828E83A322903037EF21
:102BBB00F0902CB9E0B40110C2ED7A307937902D3A
:102BCB005071D4120BA5D2ED227B011212D97A2CA3
:102BDB0079BA22902CB9E0640170287B017A2C79A8
:102BEB00BA120BAFEF701C903038F0C2ED7A30791F
:102BFB0038902D1C71D4120BAAD2ED903038E0FF17
:102C0B00120B73227A0B7B7812B20E902CB97401D3
:102C1B00F0FB913B7E2B7FDE90073DE0FCA3E04C6D
:102C2B00700590073D8002C322EEF0A3EFF0D32294
:102C3B007A2C79C2902DEF1212D9902DF27401F0EB
:102C4B00A37405F07A2C79BA020BA07F01121EC077
:102C5B00902CB9E0B401047B01913B229004D6ED9A
:102C6B00F09004D5EFF0BF0411A3E0FB7D017F01D1
:102C7B0091A29004D57403F0800B9004D6E0FB7DF9
:102C8B0001E4FF91A29004D5E0900735F0D2091230
:102C9B0008CB9007418092EB600875FF0153CDFD87
:102CAB00800675FF0143CD02ED600553FBDF80030A
:102CBB0043FB20EF600775FF0243E1402275FF02E3
:102CCB0053E1BF22C0E0C0F0C083C082C0D075D03A
:102CDB0000C000C001C002C003C004C005C006C0D4
:102CEB0007903039E5FFF075FF02E5D430E60D753E
:102CFB00D440902E811216E66002D13E75FF02E59C
:102D0B00D430E50D75D420902E831216E66002D1D7
:102D1B003E75FF02E5D430E40A75D4101216E36059
:102D2B0002D19475FF02E5D430E30D75D408902ED3
:102D3B00811216E66002D14775FF02E5D430E20D31
:102D4B0075D404902E831216E66002D14775FF02EC
:102D5B00E5D430E11575D402D19DEF600D1216E369
:102D6B006004D18B8004D158D15075FF02E5D4306B
:102D7B00E01175D4011216E360098F828E837F07F1
:102D8B0012141075FF02E5D530E41175D51012162B
:102D9B00E360098F828E837F0312141075FF02E5A7
:102DAB00D530E10A75D5021216E36002D18275FFA8
:102DBB0002E5D530E01175D5011216E360098F825B
:102DCB008E837F0412141075FF02E5D530E2117566
:102DDB00D5041216E360098F828E837F0A121410BA
:102DEB0075FF02E5D530E71175D5801216E3600942
:102DFB008F828E837F0812141075FF02E5D530E6A3
:102E0B001175D5401216E360098F828E837F0912EC
:102E1B001410903039E0F5FFD007D006D005D00460
:102E2B00D003D002D001D000D0D0D082D083D0F04C
:102E3B00D0E0328F828E837F010214108F828E83BB
:102E4B00E4FF021410D178E4F59E7F012275FF0197
:102E5B0053CCFD43FB40D178759E0143FB0975FFB5
:102E6B0003859E9E75FF03859E9E7F012275FF0243
:102E7B0043D20175FF03228F828E837F06021410CB
:102E8B008F828E837F020214108F828E837F0502C6
:102E9B00141075FF02AFD3EF7F0030E6027F0122E3
:102EAB0075FF028FD675FF02AF058FD77F01EF60DD
:102EBB0003D2ED22C2ED22E475FF02AFD4CDEFCDEC
:102ECB0075FF02AFD5EFFCEDCEECCEFF2275FF0206
:102EDB00EFF452D475FF02EDF452D52275FF02E5E3
:102EEB00DB543FFFE5CB543F6F7F0060027F012235
:102EFB0075FF02E5DC541FFFE5CC541F6F7F0060AC
:102F0B00027F01229007407402F0900734E0FF1219
:102F1B000D1C9007407405F02275FF0275E40475D3
:102F2B00E40175E4022275FF0275E404E4F5E42282
:102F3B0075FF028FE32290072FE064AA2411FFF0A4
:102F4B0022AE07F141EE04FEEF8EF084AFF022309B
:102F5B00370D120943EF6007C26012092FC23722E7
:102F6B0090073D1216E66009CAEECAC9EFC91214E2
:102F7B000C22EFB40103D2EF22C2EF22E5C854407A
:102F8B00FF75C84022E5C85420FF2275FF02D2AD61
:102F9B00D2BD75FF02758E7175500975FF02E58EF6
:102FAB00546F4480F58E902F1B121293000000007B
:102FBB0022C0E0C0F0C083C082C0D075D008C0FF73
:102FCB0075FF02E58E30E43B75FF02E58E54EF444E
:102FDB0010F58E902F1B12122A12269A902F1B126D
:102FEB001287900000E41217EAE55030E002054129
:102FFB00E550700D755009054CE54C7002054B8082
:10300B0002155075FF02E58530E40875FF02438514
:10301B00100554D0FFD0D0D082D083D0F0D0E03286
:10302B00E4900409F09003FB04F022121F155006E4
:10303B00114350028001C322E5F754E024FF22AF75
:10304B0014EFC36001D322EFC3940E50059003EB32
:10305B00EFF022E517540FFF22E517C394F0501F32
:10306B005317F0118DFE740FC39F4005EE940E4065
:10307B000543170D8003EF4217E517540FFF227F0F
:10308B000022E517C4540FFEEF900584932E2211F6
:10309B008DFFC3940E40027F0DEF90056693FF22C8
:1030AB00EF30E303AF1322AD1B203D04EE30E00BFA
:1030BB00E517C394F0502011E58018E5196006FD63
:1030CB00E4F5198012E517C394F0500BE517540F74
:1030DB00FF6004119AAD07AF05229003EBE0FDFFF3
:1030EB00C3740E310DEFC4F8540FC868FFEEC4540F
:1030FB00F048FEE51754F0C312184F7F005002AF93
:10310B0005229FFFE49400FE22902F2BEDF09012EE
:10311B0011E0F46005A3E0B4FF0C902F2D7418F0B0
:10312B00A37413F08010901211E0902F2DF09012D9
:10313B0012E0902F2EF0120E4064016002417D9040
:10314B002F2BE0FE64086004EEB40408902F2C745F
:10315B0028F08006902F2C743AF0EF12251CFF12EA
:10316B0011B5E4517EEF24D8FFEE343FFEED3493DE
:10317B00FDEC3416FC7B007A807903780012039EF9
:10318B00F19F902F2EE0FF902F2DE0C3310DE4FC2B
:10319B00FD12108BECC0E0EDC0E0EEC0E0EFC0E044
:1031AB00902F2EE0FFE4FCFDFE517ED0E0FBD0E043
:1031BB00FAD0E0F9D0E0F8EB2FFBEA3EFAE93DF963
:1031CB00E83CF8902F2CE0FFE4FCFDFE12108BEF97
:1031DB002454FFEE340B1226A0E47BA87A16F9F8E0
:1031EB0012039ECBEFCB902F2BE014605D14601B72
:1031FB0024FE600C24FC707AE4F5FF75CE3180065A
:10320B00E4F5FF75CE21F5FF8BCF22E4FAE4F5FF51
:10321B00EA2440F5CEE4F5FFEAFFC37407310D74E1
:10322B00BC2FF58274053EF583E45186C39DF5CF23
:10323B00E4F5FFEA2448F5CEE4F5FFEA9005BC512E
:10324B00862DF5CF0AEAB408C422E4F5FF75CE014A
:10325B00F5FF8BCFF5FF75CE0EF5FFEB25E0F5CF28
:10326B00E4F5FF75CE0FF5FFCFEBCFEB75F003A4B5
:10327B00F5CF227B64FAF9F802108B9325E0FDE47D
:10328B0033FCEB75F010A4FFAEF0120F45CDEFCD74
:10329B00EBFFE4C313EF1322902E20D1FDEBF09044
:1032AB002E267401F0C258121F28121F1D5005E55F
:1032BB00FC20E6F671B3BF0108E4F5FC75FC408019
:1032CB000771B3BF0202D32275FF0153D8EF902EC3
:1032DB0021E0FFF1BC75FF0153D5DF53FAFB902EB4
:1032EB0020E0FF9115902E21E0902E20B4080A12B9
:1032FB00251B245212269D800412251BFFB12B90F7
:10330B002E22E0FFD1CB75FF0175FF03759B0412D5
:10331B001F2875FC42E5FC20E105121F1D40F390B0
:10332B002E23E0F075FF03E59B20E705121F1D40E0
:10333B00F3E59B20E70C75FF03759B1F9130D2586B
:10334B00804B71ACD140902E21E0FD90120FE05DCF
:10335B00701C902E20E0FF71AC311490120FE0FF27
:10336B00902E21E0FEEF4E90120FF01224F971FA1D
:10337B007B017A2E792471E4500FC3902E25E094B3
:10338B0020902E24E0940340E771ACD17312272ACE
:10339B0030580241AA902E26E0B40103D38001C31A
:1033AB00227B017A2E7926227FFA7E001227331296
:1033BB001F2EE5FC30E605121F1D40F6E5FC30E63E
:1033CB00037F032275FF01E5D530E6037F0222E57B
:1033DB00D57F0030E7027F012212278FAD94EF4D8E
:1033EB00D1E08FF012105FE591C330E701D322E4F7
:1033FB00F5FF75C2E17F1ED1F130E707E4F5FF75EC
:10340B00C2A122E4F5FF75C2812275FF01E5D5301B
:10341B00E602C322E4F5FF439A80EFD1D8E4F5FF2F
:10342B00539A7FD322E5FA30E1FB75FC8075FF01DF
:10343B0053D5EFE4F5FC75FC40914CE5FC20E6FB25
:10344B002275FF03E4F59122E4902F27F0A304F0FB
:10345B00E4902F2AF0E5FA30E1FB75FF01E5D5305A
:10346B00E7037F0022E4F5FF75E50875FF0153D8EC
:10347B00EFE5D530E61A75FF01902F29E5DAF0E478
:10348B00F5DA75FF01E5D630E3FB902F2A7401F0D6
:10349B0075FF03759B0475FC4175FF03E59B30E7D6
:1034AB00FBE4FB75FF038B95EB12251CFFB12B0B7C
:1034BB00EBB403EF75FF03759580E4F5FF758EC8CC
:1034CB0071FA75FF0153D5FB914C7F147E001227C7
:1034DB002575FF0143D504902F2AE07009914C7F8D
:1034EB00C87E001227257B017A2F7928D173902F64
:1034FB0028E0902F277006E04404FF8002E0FF9045
:10350B002F27EFF090120EE0B4010675FF0143D8A0
:10351B001075FF01902F29E0F5DA902F27E0FF229D
:10352B00902F2312128775FF01902F23A3E0FDA389
:10353B00A3E4FFFEE4FC78101211EA8FE1902F2335
:10354B00A3A3E0FEA3E4FFE4FDFC78081211EA8FCD
:10355B00E2902F23A3A3A3E0FF8FE322E5F730E54F
:10356B000FE5F754C07005121F1D40F0914CC3229C
:10357B00D322C259121B71121FFCE5D120E0FBE4D0
:10358B00F5FF75D9089003E8E07F00B403027F01D3
:10359B00B1A6D259121B71E4F51022911543FA040E
:1035AB00E4F5FF53D1FD43D101224315015315DF40
:1035BB0011ABB1F54004E4F5142243FA045315FBA7
:1035CB00304F04B1AB800A7F55B1DE7F55B1DED2EF
:1035DB00EBD32275FF01E5D520E602C322E5FA54B1
:1035EB000360FA75FF018FC3D3229004C7EFF090ED
:1035FB0003EAE0FFF1AC9004C8EFF09003EAE0249B
:10360B00FD60130470089004C67404F0800E9004DF
:10361B00C67408F080069004C67402F07F01120D88
:10362B00359004C8E09004C6D1D1E4902E23F0511C
:10363B00A350EED322902F87D1E87F017C127D011E
:10364B00E4FE8D828C83ED2EF582E43CF583E02F36
:10365B00FF0EEEB412EC901213E06F600A902F87FE
:10366B00122719E4120EFF22C25375FF03759B1F1D
:10367B0075FF0390120FE020E71BE59A540FC394DC
:10368B00024012E04480F0E4F5FF75C2A143FC0454
:10369B0075FF03D253E5FC30E609E59A540FC3944A
:1036AB000540CDE5FC30E611E4120EFF75FC80F50C
:1036BB00FC75FC40E5FC20E6FB3053031224F92299
:1036CB0075FF018FDA22FFE0FDA3E0FB22333333DA
:1036DB0054F8F5F42224FBFFE5F034FF22EBF0A3C2
:1036EB00EAF0A3E9F022FE12275090120FE022EE2F
:1036FB00F0A3EFF0A3EDF0A322902F33D1FAEBF070
:10370B00F180AC00AD01AE02AF03C006C007902F35
:10371B0033F197FBAA06E4F9F8D007D006D31211C0
:10372B00C37E0050047F0180027F00C006C007F1FA
:10373B0080D0E02FFFD0E03E902F33F0A3EFF0537B
:10374B00ECFC902F33E0FCA3E0FDEC540342EC7552
:10375B00FF02EDF5AF75ED0275ED04A3E0600543D7
:10376B00EC08800353ECF7902F36E0600443EC0435
:10377B002253ECFB22902F33E0FEA3E0FBAA06E4DE
:10378B00F9F87F807E387D01FC02039EE0C313FEB7
:10379B00A3E01322C8ECC8C9EDC9CAEECACBEFCB64
:1037AB0022EF24FD600680007E018002E4FEAF065E
:1037BB002275FF01E5D530E602C32253FACFEFB4F1
:1037CB00080543FA308012EFB4040543FA20800950
:1037DB00EFB4020543FA108000D322900740E0B407
:1037EB00020D8F1B900489E0F513120B2DD322C30E
:1037FB00229004C31212D99004C31212D0E51B12EB
:10380B00383412383B11335194F9E43AFA1133122C
:10381B0012D0E92403F9E43AFAE513113412181F14
:10382B00113351CAE4020EFFE4120EFF9004C322BF
:10383B001212D0E92401F9E43AFA22C0E0C0F0C038
:10384B0083C082C0D075D008C0FF75FF01E5D530AD
:10385B00E6047F028009E5D57F0030E7027F018F08
:10386B0018E51864026002211EE5141213E6389263
:10387B000138A502390A0838B00938BB0A38C90B18
:10388B0038E60C00003A6175FF0175C355151AE552
:10389B001A60024161751402416175FF0175C3F035
:1038AB00751409416175FF0175C35575140A4161A2
:1038BB0075FF019003FCE0F5C375140B416175FFB7
:1038CB00019003E9E0F5C3751401751A1490040A0D
:1038DB0051C06002416175140C4161AB1CAA1DA95A
:1038EB001E519BAD16AF1F51D5121E8775FF005190
:1038FB00B743FA0475FF001235AE7514084161C267
:10390B00EB75140043150451E240024161E41217B8
:10391B00EA4161E51864016002416151A74002412F
:10392B0061E510705E51881212D0E5D9120EFF516D
:10393B007CE09004DFF0712E51F99003E8EFF090EA
:10394B0004DFE0FFD39409500221DF9003E8E0D3BA
:10395B009402400CEFD394AA7F0040027F01800DAC
:10396B009004DFE0D394407F0040027F01EF6002C0
:10397B0080629004DFE0FFF51675FF008FD975109C
:10398B00034161E5106403600241615188113BE51D
:10399B00D9120EFF75FF009003E8E0C39403E5D343
:1039AB0050055402FF80035401FFEF602C30E111EE
:1039BB00C39003F6E094FF9003F5E094FF5015805D
:1039CB000FC39003F8E094FF9003F7E094FF5004CB
:1039DB00E41217EA12357D807DC259121B7175FFF7
:1039EB0000121FFFE5D120E0FBC2EB43150251751E
:1039FB00A3E0FF90073AE0FEEF6E5174E0900739B9
:103A0B00516EA3A3E090073B516EA3A3A3E0FE90DE
:103A1B00073CE0FDEE6D4F6013C39003FAE094FF9B
:103A2B009003F9E094FF5004E41217EAC39003F4F7
:103A3B00E094FF9003F3E094FF5004E41217EA754F
:103A4B0010009003E8E0B403071516517CE516F05F
:103A5B00900738E516F0D0FFD0D0D082D083D0F0CD
:103A6B00D0E032FEE0FDEE6D4FFF851282851183B3
:103A7B0022E5122407F582E43511F5832275FF0147
:103A8B00F5EA75EAFF9003EC221212D0E924022228
:103A9B00E4F5FFE951AEEA540F42D622E5F754C0E4
:103AAB0024FF22F5D7E4F5FF53D6F022E5D254805C
:103ABB004414F5D22274FFF5F0120FD045F0221208
:103ACB0012D0E92405F9E43AFA22E4F5FF8FD4F594
:103ADB00FFCFEDCF8FD522C39003F0E094FF90037F
:103AEB00EFE094FF2251E25004E41217EA22EF2494
:103AFB00FE600C24FE600580007F01227F02227F86
:103B0B000322E4F5FF75D102E5D120E0FBE4F5D10A
:103B1B00F5FFEF51AEEE540F42D6E4F5FFCFEDCFEC
:103B2B008FD422E5F75406FFBF06037F0822E5F783
:103B3B005406FFBF04037F0422E5F75406FFBF02C0
:103B4B00037F02227F0122E51754F0C4540F2FFF8D
:103B5B00C3941040027F0FEF90057493FF227E10E9
:103B6B00EE60091EEE90057493B507F4EEC3940E48
:103B7B0040027E0DEE90056693FF22E4F514021EC3
:103B8B00E1C2AFEF4215D2AF22751401751A139033
:103B9B0003FCEFF09003EA7402F0ED90040A30E5B9
:103BAB0007E4F0A3743AF022E4F0A374E6F022C326
:103BBB009003F2E094FF9003F1E094FF5004E412C1
:103BCB0017EA2290040AE0A3E0FF229004A312124A
:103BDB00D99004A6EDF0E4A3F0ED54FE9004A6F00A
:103BEB00602BE4FF121EC0BF01239004A31212D05E
:103BFB0012253450189004A491239004A7E02402BA
:103C0B00F09004A7E0FF9004A6E06F70DD7F011237
:103C1B001EC09004A7E0FF22E475F002020FD07DD6
:103C2B000271D6EFC36001D3229004C9EFF0ED24EB
:103C3B00FE60191460262402703BEB2402FFE43A69
:103C4B00FE7C007D50120F337D60801E91A8C33324
:103C5B00CE33CED8F9FF7C007D28800E91A8C333DC
:103C6B00CE33CED8F9FF7C007D64120F459004CA89
:103C7B00EEF0A3EFF09004C9E091B3C083C08212C1
:103C8B0012469004CBE02401FF9004CAE03400FEFE
:103C9B00E4FCFD12107ED082D083021287EB24014C
:103CAB00FFE43AFEEF78032225E025E024FDF582C0
:103CBB00E43403F58322EF91B312122A021210E4BB
:103CCB00FFFEFDFC9003FD91DF90040191DF90045A
:103CDB0005021287121287E4FFFEFDFC22900739C2
:103CEB00E0F4FFA3E06FFFA3E06FFFA3E06FFF64BF
:103CFB00556009EF644A6004EFB40A010F9003E9C1
:103D0B00EFF022A2EB9251C2EB7A0379EF7B017DAC
:103D1B000CE4FF12086CA25192EB22A2EB9252C25E
:103D2B00EBEBC0E0EAC0E0E9C0E07A0379EFB14E1B
:103D3B00D0E0F9D0E0FAD0E0FB7F0C120899A25248
:103D4B0092EB227B01902E320212D9C003C002C02B
:103D5B00017A2E7914B14ED001D002D0037F02022A
:103D6B0008991233B3EF6401706AD116902FF3EFF9
:103D7B00F0D39402505E902E18E0FF902FF3E06F7B
:103D8B007052B1E0902FF4EFF07B017A2F79F47D34
:103D9B0001120BFF902FF3E02414F582E4342EF57F
:103DAB0083EFF0902E18E0045401F07027902E163C
:103DBB00E07002A3E0601D7B017A2E7912B1567B75
:103DCB00017A2E7912902E16E0FEA3E0FFF5828E7B
:103DDB008312141022E4FFE5F754C06002801675BD
:103DEB00FF01E5D530E30DD10550F4D100EF60EFC5
:103DFB00D10550EB22D10CAFD92275FF01E5E4338D
:103E0B002275FF01E4F5EA75EAFF22E5F454181375
:103E1B001313541FFF227F017E009017FCE4935E67
:103E2B00FE7401935F4E24FFB32290000174019343
:103E3B00B40007E493B41802C322D322902E16EEDB
:103E4B00F0A3EFF022EF7011ED600775FF0143AEA9
:103E5B00012275FF0153AEFE22EFB40110ED600796
:103E6B0075FF0143AE022275FF0153AEFD2275FFB4
:103E7B0002E5E630E2037F0322E5E630E3037F0051
:103E8B0022E5E630E1037F0422E5E67F0530E00220
:103E9B007F0122EF600775FF0253E6BF2275FF0219
:103EAB0043E64022EF14600F146014240270188B49
:103EBB008075FF018DFD228B9075FF018DC9228BC3
:103ECB00A075FF018DCA22AF038FB075FF01AF053F
:103EDB008FCB22902E1A1212D9EF14601114601886
:103EEB002402701EF118E580F11EE5FD801CF1180F
:103EFB00E590F11EE5C98012F118E5A0F11EE5CAA7
:103F0B008008F118E5B0F11EE5CB020EFF902E1DD7
:103F1B000212D0120EFF75FF01902E1A0212D0E47E
:103F2B00F5FFAF9122E4F5FFAF922243FB1075FF33
:103F3B000243E640EF600D75FF02E5E120E7FB432E
:103F4B00FB0D800343FB0E80FEEF30E00E43F401CC
:103F5B00E4F5FF43A404F5FF759624EF30E10E431F
:103F6B00F401E4F5FF43A408F5FF759624EF30E266
:103F7B000943F402E4F5FF75961EEF30E30943F4B1
:103F8B0004E4F5FF75961075FF01EF54036004759B
:103F9B00D7122275D72D22E4F5FF7584E6F5FF4382
:103FAB009404F5FF75981422CCEFCCCFEDCF7401B0
:103FBB007E00C8EFC8088005C333CE33CED8F9FFD7
:103FCB00CDECCDEF5D601B30551875FF0175DCAD89
:103FDB0075FF0175DDCDE4F5FF759A74F5FF7594EA
:103FEB00842275FF0175DC5375FF0175DD33E4F534
:103FFB00FF759A14F5FF75940422E4F5FF75933F52
:10400B0075FF03759A40123FA2E4F5FF759C93F57B
:10401B00FF75A1A3F5FF758531F5FF758628E5FAC8
:10402B0054304480F5FA75FF0175E74A75FF027548
:10403B00DF4975FF0143D30475FF0153D367E4F5E3
:10404B00FF53E6BF75FF0175D825F5FF75B503F571
:10405B00FF75B215F5FF75BA02F5FF75AFB3F5FF36
:10406B0075CD0AF5FF75CB08F5FF75CA12F5FF750F
:10407B00BF0EF5FF75CC96F5FFF5BDF5FF75C2814B
:10408B00F5FF75AEE1F5FF75DA55F5FF75F580F5C2
:10409B00FF75E903F5FF75E933F5FF75972A75FF92
:1040AB0001759B42759CA4759D29759E48759F242F
:1040BB0075A11275A312759AF820560CF5FF43964D
:1040CB008090120FE04440F02275FF0175E4657596
:1040DB00FF0175D64722902EDEEFF0E4A312267E69
:1040EB0078011211EA902EDEE0FB317412128790E8
:1040FB001210E064806071E0C3947F5039EB31742F
:10410B00C083C082122529FFEEC0E0EFC0E0901201
:10411B0010E075F004A4AEF0FBCAEECAEA3395E0EA
:10412B00F9F8D0E0FFD0E0FEC3EF9BFFEE9AFEED77
:10413B0099FDEC98802A902EDEE03174C083C0820A
:10414B003182901210E0F40475F004A4FFAEF0EE8F
:10415B003395E0FDFCEB2FFFEA3EFEE93DFDE83C2D
:10416B00FCD082D0831212872225E025E02401F5B2
:10417B0082E43412F58322E0F8A3E0F9A3E0FAA37A
:10418B00E0FB22EF600775FF0243E6102275FF028A
:10419B0053E6EF22E5ED30E2FB75ED04AFEF22E5E0
:1041AB00ED20E0FB8FEF22EF600443EC042253EC95
:1041BB00FB22EF600443EC082253ECF722E5ED54AD
:1041CB0002FF22E5ED5404FF22E5ED5401FF22E44A
:1041DB00F5FFEFF5D8E4F5FF53D60FEE540FC4F807
:1041EB0054F0C8E4C4540F4842D622E4F5FF8FD4F0
:1041FB0022E4F5FFE5D1540133333354F8FFE4F5F2
:10420B00FFE5D354074FFF22EF6004902D67F0902A
:10421B0003CDE0FF9003BD1212D01208EE9003CD38
:10422B00EFF0604E201F4B902D65E0C330E501D3BE
:10423B009223902D64E0902D6851921212D9902DFB
:10424B0066E090045BF0902D63E090045C519AF073
:10425B009003CDE0FBE4FF120BD7EF7029902D6795
:10426B007402F0902D61E0FEA3E0F5828E837F0255
:10427B008011902D67E0FF902D61E0FCA3E0FDF530
:10428B00828C8312141022FD1212D090045822F04B
:10429B00A37442F0A3741322902CAB1212D9902C5E
:1042AB00AAEFF0FE902CB57403F0902CB2E05437CB
:1042BB00F0E0FF5420902D65F0902D64EEF0902CE3
:1042CB00B3E0FDA3E0902D61CDF0A3EDF0902CAE0B
:1042DB001212D0902D681212D9902CB1E0902D664D
:1042EB00F0902CAB1212D09003BD1212D9EF4420D8
:1042FB00902D63F0E4902D67F0C21FF546902CAB28
:10430B001212D0AF461208EE8F46EF602A7D0312D1
:10431B000AD340E9902CB1E0D3941940037F0022DB
:10432B00AF46120ACE5008902CB57401F08008905D
:10433B002CB57402F080C6902CB1E0D3948240036C
:10434B007F00227F02120B4B902CB61212D9EA4936
:10435B004B6059902CAAE0FF902CB61212D0E92496
:10436B00B6F9E43AFAEF120EFF902CB2E0FE30E011
:10437B000FE49003CDF071BAEE6401A3519A80184B
:10438B0071BA902CB2E0900441F0902D61E0FDA346
:10439B00E0900442CDF0A3EDF0902CB671C8902CB8
:1043AB00AE1212D07D02120BCD7F01227F00229024
:1043BB002CB5E0FF902CB1E0900440F0221212D00B
:1043CB009004440212D9902D251212D9902D24EF6E
:1043DB00F0120AB04006902D24E54FF0902D24E00A
:1043EB00FF902D281212D0902CAE1212D9902D2B9B
:1043FB00E0902CB1F0902D2CE0902CB2F0902D2D64
:10440B00E0FDA3E0902CB3CDF0A3EDF0902D2512A1
:10441B0012D041A3E4FF3035037402FF22200005C4
:10442B00D215020A06C322903064E0701C7BFF7A1F
:10443B0004798E7D23120B697BFF7A0479777D17C4
:10444B00120B699030647401F02275FF01E58F54F3
:10445B0008FF22EFB4010775FF0143AE202275FF61
:10446B000153AEDF22EFB4010775FF014391202208
:10447B0075FF015391DF229400902E09F0A3CEF02B
:10448B007B007A00790022C20A7B007A00794F9078
:10449B002E8A1212D90B7A07793922902C38E054D4
:1044AB000F22E9240BF9E43AFA22FF1212D0EF02A1
:1044BB000EFF90073FE0FD75F0AA9007430212C470
:1044CB00FDEF4DFFE5F08FF002105F902CA0F07B1D
:1044DB00017A0379C2A30212D9EFF0A30212D97B9E
:1044EB00017D01120B877B0122F0A3F0A3F0A3F057
:1044FB00221212D0EA494B2224BDF9E43AFA22F9EE
:10450B00E43AFAEE020EFF7F02121FF3900737E038
:10451B0090073FF090073704F0C3940222EEF0A30C
:10452B00EFF0A3ECF0A3EDF0A322902E390212D9F9
:10453B001212D0E9240422900741E0FEA3E0FF12FF
:10454B0008D0D3EF94C8EE940022E4120EFF042996
:10455B00F9E43AFA221212D0E92405221212D002FF
:10456B000E401212D0C3E99FF9EA9EFA22D2227BA7
:10457B00017A0379B722E49003FBF07B017A04798B
:10458B00090208D53AFAE924FFF9EA34FF227B0144
:10459B00902E48F022E9242CF9E43AFA7440020EEA
:1045AB00FF1212D9020E40E0FFA3E0902CFFCFF0D8
:1045BB00A3EFF022FF8D828C83021410E0FFA30285
:1045CB0012D0E99582EA958322E9242DF9E43AFA8F
:1045DB007D04E4FF22F9E43AFA0212EE7D01120B9C
:1045EB00877B0122F9EC3AFA020E40AF03EAF0A303
:1045FB00EFF022E92420F9E43AFA22F0902918741A
:10460B0001F0222411F9E43AFA22F9E43AFA74029D
:10461B0022FDE4F0A3EDF022AF05F0A3EFF0227B37
:10462B00017A287933227A0379E47F0422240CF966
:10463B00E43AFA22FFE0FCA3E0FD2275F005A42486
:10464B00F3F9740022F9E43AFA7401227407F0E4E6
:10465B00A3F022F9E43AFAE4020EFF7B017A2E79F9
:10466B00DC7F0222740775F0D002105FE924FEF99B
:10467B00EA34FFFA22E0FF902836F07B0122E0902B
:10468B00045BF0A3EFF02235F0FEAF017B01227B40
:10469B0001E4FF02086CFFAEF054076403222DF512
:1046AB0082EA3CF583227438F0A3743CF022F0A329
:1046BB00EDF0E4A3F022E0FEA3E0FF7C0022F58204
:1046CB00E43403F58322902D9FF0A3EFF022FF54E7
:1046DB00F0C4540FFE227401F0AE04AF0522AA06FB
:1046EB00A90702140CE0FFA3E0FEC39F2290073939
:1046FB00E0C394C022F582E43EF583E02290120ED3
:05470B00E0D39401223F
:107F7E000200022B332FEC02043D022FEE301C00C8
:107F8E003304052202302138230807050522023862
:087F9E002838360013FF05220C
:107FB000FFFFFFFFFFFFFFFF7FC600000000000084
:067FC000000003080000B0
:10800000EF547024F0602624F0603C24F060522489
:10801000307067305A0B117E8002C333D8FC428027
:1080200022117E8002C333D8FCF4528022305A0BD6
:10803000117E8002C333D8FC429022117E8002C39D
:1080400033D8FCF4529022305A0B117E8002C33395
:10805000D8FC42A022117E8002C333D8FCF452A087
:1080600022305A0B117E8002C333D8FC42B0221159
:108070007E8002C333D8FCF452B02275FF01EF5466
:1080800007FF7401A8070822EF547024F06017243A
:10809000F0601E24F060252430702B117B8002C319
:1080A00033D8FC42FD22117B8002C333D8FC42C985
:1080B00022117B8002C333D8FC42CA22117B80028A
:1080C000C333D8FC42CB22EF547024F0601824F064
:1080D000602024F060282430702F117B8002C3338D
:1080E000D8FCF452FD22117B8002C333D8FCF45239
:1080F000C922117B8002C333D8FCF452CA22117BFF
:108100008002C333D8FCF452CB22902FA5EEF0A30B
:10811000EFF0A3EDF0E0FF14F0EF7002C32212F7CE
:10812000AB121E3AAD07306210902FA7E0117F808E
:1081300002C333D8FC4DFD800F902FA7E0117F8044
:1081400002C333D8FCF45DFD12F7AB02200E902879
:1081500092E0FF903043EFF0E536B54F03D3800156
:10816000C3500990304312A6A230E70F7E1F7FCA8A
:10817000903043E0FDD262310AC21A90282CE070A0
:108180000A0412F33E12E44312DFE22290304FEF72
:10819000F0C003C002C001A801AC02AD03D001D001
:1081A00002D0037E007F13120E1A902891E0121362
:1081B000E681DC01828802850403851A0484460571
:1081C000847A0684C707852708851A0985530B8595
:1081D000880C85720F854510000085B2E490286AEE
:1081E000F03028331244A66401702C902892E06489
:1081F000EF7017902897E020E71012BFC8600B902F
:108200002893E0FF12448B12EBE8902892E0B4EF41
:1082100006A3E0FF12D95FC22290304FE0C3700185
:10822000D3921BC206E4902833F09028917402F098
:108230009027C0E0FFB4030A902893E0902892F0C2
:10824000800FEF640160079027C0E0B4020312DEE4
:10825000D59027C0E07F06B403027F01902794EFFA
:10826000F0902896E0FE30E502D223B1C890045B7E
:108270007401F0EE12A16F90286AE0FFAD4F120B6F
:10828000D7EF6002A1B28117E49027EDF090304F54
:10829000E070026153902794E014F07015E07008CC
:1082A000301B0F12F878600A9027C0E0640160026A
:1082B0006153902794E0601D902896E0FF30E5021E
:1082C000D223B1C890045B740112A16D129894601E
:1082D00002A1B2811712F8786002615C902891F0D7
:1082E000902897E020E75F902893E0FF12D95F90F5
:1082F0002893E0FF7D0112D6C920170512BFC86080
:108300004A902893E0FF12448B12EBE8301A2B308E
:108310000C28E5366024654F602012BD8B902893B1
:10832000E0902835F09028917405B1C790045B74F3
:10833000091298856002A1B28117201A0E90289325
:10834000E0FF31538005E4902893F0902893E0FDFE
:10835000A38172C21B9027C0E0B40307E4FBFD7F3A
:1083600023A10112F8D76007EF64026002A1B29066
:108370002892E0FF12BF1890277AEFF0902892E041
:10838000FF12D24412EBE8902892E0FD12E58DFB3B
:108390007F2112E27B201A02811A300C7DE53660C3
:1083A00079902892E065366071E536654F606B9094
:1083B000277AE060079027C5E030E15E740612BBC3
:1083C000A7740D12E25A12F72D24FEFF1297E31242
:1083D00097DC7A28793612A950902837E020E10CF2
:1083E00012F71B12F6F91297DC12BFD112BCACE9DE
:1083F0004A7019902802F09028917406B1C790280D
:1084000064E0041298826002A1B2800B1297D1122C
:10841000BB8212A950314E02E247201A02314E129D
:10842000E49A6002A1B2902892E0FD12E58DFB7FF4
:108430002212E27B30170990277AE0600302F737B7
:10844000E4902892F02212F8037013902892E0FF33
:1084500012BB5330020AE5327002A1B28006314EDF
:10846000E532600612448B02F724902892E0FD90DA
:108470002894E024FBFB7F21A10112F803902892AD
:108480007007E0FF12BB538004E0FF315312AF14BA
:1084900050219028917407F090286312A2AC902884
:1084A00063B1B312987C6002A1B2902863E0FF31FF
:1084B00053803612E49A6002A1B2902892E0FD1235
:1084C000E58DFB7F22803A90304FE0701590289226
:1084D000E0FF12D38EEFD394024009E4902C38F0E1
:1084E0008002314E12AF14500BE412D9DCE4FDFCD3
:1084F000FF02BE2A1244A6700312DA9B12A7DF7F86
:108500002202E27B12BA1512F86E2406FEE43390C2
:108510002898F0A3CEF07F2F8028902898E4F0A32D
:108520007402F07F7C801B12BA1512F86E25E0FFF2
:10853000E433FEEF2407FFE43E902898F0A3EFF029
:108540007FB402DAA912A0F17E0A7F1FE4FB7D143A
:1085500002B84C90304FE070177C0A7D6A74141298
:10856000F863E4A3F012E480902832E070448015B0
:10857000801312F803700E12BB4E7C0A7D6512F751
:108580009EE4A3802102BD9C90304FE0701C902897
:1085900091740DF09027F37480F07C0A7D24743E72
:1085A00012F863A374FFF002E480E4902891F012C3
:1085B000BA6B22E0902835F09028337401F0A37450
:1085C0000EF0902836741DF07B017A2879339004E0
:1085D000580212D9902C9BEEF0A31244E4902CA0E8
:1085E000E0FF7401C39F4003029636902CA112AFA6
:1085F000CE902CA4F0E92401129642902CA6F09083
:108600002CA112963C902CA5F012304A40FB121778
:1086100081300D03029636902C9D12AFCEFFC3948D
:10862000204056EFD394FF5050902CA0E0FF949F31
:108630005047902CA4E030E70302963612963F9004
:108640002C3BF0902C9BE0FCA3E0AA04F97B01C03A
:1086500003C002C001A31212D0902D5A1212D99059
:108660002D5DEFF0902CA11212D0902D5E1212D938
:10867000D001D002D003020D21902C9D12AFCE6408
:10868000016003029636902CA4E030E60302963691
:10869000E924011296421213E6883F018D4E028DA5
:1086A0007F038F5B04900D058BB5068AEB078E5018
:1086B000088E9D098EF30A8F030B909E0D922F0E4C
:1086C0008F4E0F943C1092C81193BF1293311394A4
:1086D0009F1586EB1695C9198F0F1A879D1F880C59
:1086E0002096302288332300009636E536654F7099
:1086F0006E12DC4EEF70030296369027FC740BF07E
:10870000129639FF7B017A28797412A2B4D205122D
:108710009639FF12A03B129639FF9028921297E2E9
:1087200012BA1C9028967405F09027FA740AF0A3E8
:108730007429F09027C07402F0129639FF902CA68D
:10874000E0B5070CAD4F12EE9F12448BE4FF804A58
:1087500012963912F84912EE9F12F06102B84C904D
:10876000280EE020E003029636E5367003029636C6
:1087700012963990289212BBAA741612E25AB1C707
:1087800012E5D17405F0A3740AF0A374381298911D
:108790006003029636FBFAF97F0202E60112BBABD8
:1087A0007420F01296397054902835F0A304F0121A
:1087B00097BC129642FF33333354F8902CA7F090B5
:1087C0002C9D12181F902CA7129FE57025902CA7A6
:1087D00012BFCB601D902CA7E0FF12448B12EBE878
:1087E000902CA7E0FD12448BE4902EC8F07F20125D
:1087F0000D30902CA7E014F070C58005E490283669
:10880000F01285C812F258A30402961E9027FCE0CD
:10881000700302963612F6E61297BC129642B40125
:108820000B12E69312E6A2AD3012200E7D02AF3796
:108830000295C6E54064046006E4902865F0229045
:108840002CA0E0C39406E4940050030296369028CE
:1088500065E0FF60209027C0E0B40314902CA4E0F2
:1088600030E703029636902CA6E0FEEF6E600622FB
:10887000E4902865F01296395407C39403500A9087
:108880002C9D12181FE4120EFF1244A664017018EA
:108890003028151297BC1296425406FFBF020912E7
:1088A000F8BEC226C2284146300E02418890289167
:1088B000E06002418812F8B51297CB12D17A902C61
:1088C000A6E0FC902893F0902CA4E0902897F07FED
:1088D0001030E4027F00EF4401FF902CA4E0FE542E
:1088E000024F902896F012F87870491297CBE9243D
:1088F00001129642B4230EEE7F0070027F01EF302A
:10890000E40302963620120A9027C5E030E1030204
:10891000963620080A9027C5E020E103029636E447
:10892000902892F09027C5E07F0030E102AF0490DC
:108930002C3C21D91297CBE92401129642B4230191
:108940002212F8D76007EF64026002417920120A10
:108950009027C5E030E10302963620080A9027C52B
:10896000E020E10302963690278FE020E00C1245CC
:10897000781297DC12463112A950902CA6E0FF70B5
:1089800002414E300B0A9027C5E020E103029636E3
:10899000902CA4E020E7689027C0E0B40204C21243
:1089A000803A12F89050251244A66401702E902748
:1089B000C5E030E127202805EF64EF701F30280460
:1089C0007FEF800312BF7C902892800D902CA6E050
:1089D000B4EF0912BF7C902892EF806412F8ACFDCE
:1089E00012E58DFB12E26D60109028917402124422
:1089F0008AE4FF12818CD22422E4902891F0221282
:108A000044A6640160030296369027C5E020E10386
:108A100002963630280D12F8905008902CA774EF6B
:108A2000F08013902892E0700512F70380089028D8
:108A300092E0902CA7F0902CA7E0FF60069028927F
:108A4000F0802E12F8BE12448B7F01020C27902773
:108A5000C5E030E103029636902892E0FF600912EB
:108A6000BF18EF6006200B0312BF74902892E060DD
:108A70000302E1DDE4FBFDA14A902CA612E58590FE
:108A80002EC8F07F84020D30902891E0640D6003C1
:108A9000029636902CA6E0FF902780E06F600302DC
:108AA000963612F8B51297CB12D17A902896742187
:108AB000F012F8AC12D83312BB4EE49027EDF0D28E
:108AC00013902780E0FF902894E024F8FB7D0112AA
:108AD000E6E512E49F600302963612E58212F7681B
:108AE000120D30E4902891F002BA6B902891E0FFCB
:108AF00064036004EFB4080302A10C902C38E0FF7B
:108B000030E532129639FE902C3BE06E60030296FF
:108B100036300E0F902CA6E0FE902892E06E600397
:108B2000029636EF54DF902C38F030E70302963689
:108B3000E4FF020C3BE536654F6003029636902C4D
:108B4000A6E0653760030296363001030296369040
:108B500027FCE0FF64076005EF640A702412963971
:108B60006402701DD201FE7467253712E6A2121E40
:108B70003AEF543F04FD12E69312E6A212200E8053
:108B80002212F8F76008EF64096003029636129625
:108B900039FF6401600DEF64036008EF6405600352
:108BA00002963612F8F76008EF6407600302963603
:108BB000C261029479902891E0FF64046008EF6438
:108BC00009600302963612A0F1129639FD2403F5CE
:108BD00031902CA0E0C395315002A147300E0F1206
:108BE00097BCF9E43AFA12DFEFEF6002C214902862
:108BF00091E0B4090F902CA61297C9AC02AD0112F6
:108C0000A4738016902CA612A6A230E70D902CA675
:108C10001297C9AC02AD0112A6C2E4F53112963921
:108C2000FFE531C39F502B74A12531F582E4342830
:108C3000F583C083C082E01297BBF9E43AFAE531CC
:108C40007C00291245EFFEEF4ED082D083F0053133
:108C500080CB129639FF902919E0FEEFD39E400297
:108C6000EFF0E4FF12E4DBEF600122300E0320148A
:108C700037902CA6E0FD7B017A2879A17F1D12E0B8
:108C8000658F31EF7022902CA612A105600B300C7D
:108C900008902CA6E0FF1281537F22300E027F2322
:108CA00012F85012E27BC20EE4902891F012F8A361
:108CB000300C28E536654F6022E536601E902CA604
:108CC000E0902835F09029191246807A2879A1126F
:108CD00097DC7A28793712A950802830051DC20503
:108CE000902CA6E0FF12A29812453512CBF4601327
:108CF000D213902CA6E012E6E08008902CA6E0FFAC
:108D000012EBAD300E0830140512F850803C902C58
:108D1000A6E0FF12A06D9028917410F0E536601F58
:108D2000902CA6E0FF12D38EBF0414902CA6E0FF77
:108D30007C0A7D6F12EDA9500302963602A16512DE
:108D4000448BE4FF02818C12F8507F23E14B902C7E
:108D5000A5E0FF654F6017EFF46013A3E0FD12F785
:108D6000F14405FBE4902EF0F0A3F002D5CF902C57
:108D7000A6E0FF12F7F14405FDE4FBFA02D6549099
:108D80002CA0E0C394074003D38001C340030296A4
:108D900036902C38E020E402C11F200602C11F30AB
:108DA0000A15C20A7B007A00794F902E8A1212D9D6
:108DB0007A00790012AFF61296397007FBFAF9AF14
:108DC0004F800512448B7F0112EBE8C206902CA461
:108DD000E020E70E1297BC1227DD7F0412C959EF7D
:108DE000600312B74612F7D5129639F54F1297BCA9
:108DF000F9E43AFA1297DC1227E77F0412A950121D
:108E000027E7AD4F12B03D12F845120C54E54F6004
:108E10000302963612BFEF12D2447F0102EBE8E55F
:108E2000337003029636753201129639902863F03A
:108E3000700C902CA5E0FF600812EFB1800312D3F4
:108E40005F12448BE4FF12DB21902863E0F53522AA
:108E5000902C38E020E40302963620060302963672
:108E6000902CA0E0FFC3940350062019030296360D
:108E7000EFC394034021129639FF30E01AE540B465
:108E80000107EF30E103029636E540B40207EF3008
:108E9000E203029636D21C12F845020C59C20612A1
:108EA00097BC129642FFE4FD12EC931297CBE92493
:108EB0000512964230E12C1297BC129642FF902C7C
:108EC000A6E0FEB50708EE12E69EAD3080121297BE
:108ED000BC12964212E69EE5367DFFB54F02AD30DC
:108EE00012200E1244A6640660030296361297C63C
:108EF000020C5E1244A6640660030296361297C600
:108F0000020C63902CA6E0FF129639FD02D8BA122B
:108F1000F8C76008EF64146003029636129639545D
:108F20000F60231297BC129642902892F0FD7E2685
:108F30007FAA12200E902891E064146003029636F6
:108F4000F07F0102BE92E4FBFD7F2402E27B902CC5
:108F500038E020E403029636D22822300E0302962F
:108F6000361244A664017003029636C206300D0321
:108F7000029636902CA0E0D39422400302963690BD
:108F80002CA5E0654F600B75320212448BE4FF1292
:108F9000DB21E4F533D20D1297C61297DC12F88963
:108FA00012A95012EF9812F8EF2403FDE433FC905D
:108FB0002CA0E0FB7A00D39DEC121851400B749862
:108FC0002F12A025E09027EDF012F8EF2404FDE425
:108FD00033FCD3EB9DEC6480F8EA648098400F7416
:108FE000992FF582E43427F583E090282DF0902C1A
:108FF000A6E09027B612F7F044019027B7F0D23DD3
:109000009003B6E0902800F0E4FF029C00300E02CE
:10901000C1361244A664017002C1369027957401CE
:10902000F0A3740612F7F04401902CA8F090279753
:10903000E0700204F0902CA5E0654F6026E4F53264
:1090400012DF59902CA6E0FD12F889902797E024B2
:1090500004900473F0902CA812F837902CA5E0FF30
:10906000020BF59027EDE0FF902797E0FE12A0237A
:10907000EFF012F8891285CEEF7F0070027F01EECB
:109080002404C39F12F8DF12F829902CA6E0FB12EB
:1090900098946002C136FBFAF97F01029FF0D13942
:1090A000902CA9F07002C136902CA0E0FFC3940769
:1090B000E494005002C136EFD3942C4003742CF09A
:1090C000E490286AF09027FCE0FF600FE536B54F8A
:1090D0000A90286AEFF0E49027FCF09027FCE0600B
:1090E0000664036002C136F1CBE92406D142700266
:1090F00021CB90286AE0600312989D9027CA74FFE4
:10910000F0F1CBE92404D142FF20E2494404120EDD
:10911000FFF1BCF9E43AFAF1DCF1E37F047E0012DE
:10912000D74FF1E212D746902CA0E0FF24F9FDE4DE
:1091300034FFFCD3ED9400EC94004010EF24F9F1DF
:10914000CA12C703F1DC12D24B12A950902CA0E036
:109150002402F08034902CA0E024FDF1BBF9E43A25
:10916000FAF1DCF1E312D73E20E11EF1E312A8F39D
:10917000902CA0E024FAF1CA12AF4EF1DC12D5C84F
:1091800012A950902CA0E004F0902CA0E024F7F558
:1091900031C374239531FD74CA253112A81E902C59
:1091A000A9E0FF12D24412EBE812E6AA9027FCE0F5
:1091B000902CA9B4030D12F75A120D307F0112E55D
:1091C000B2806212F75A120D30805A902CA912BF49
:1091D000CB70189027FCE0B403047F0541B19028C0
:1091E0006AE07002C1369027FCF0229027FCE0B4C0
:1091F000030512F6E68005E49027FCF090286AE06B
:1092000060179027FC740EF090286AE537F0902CD8
:10921000A9E012F8CF7D03A1C6902CA9E0F5371282
:10922000D85312E6AA9027FCE06002C13641BCD1B7
:10923000397002C1369027FCE0FF64036005EF60DF
:1092400002C136F1BCD142FF902CA0E024FC6F603B
:1092500002C136F1CBE92402F9E43AFAF1DC7B01F0
:109260007A2879357F2112A950902836E0FF90287E
:1092700035E0FD12F70C12E0658F31EF700F90288A
:1092800035E0FF12A03B9027FCE070192212F8A3F2
:10929000902835E0FF12EBAD500312E6AA90283576
:1092A000E0FF12A06D9027FCE0B4030812F6E67F01
:1092B0000202E5B29027FCE06002C13612F6DD90B2
:1092C00027F3741FF002DFC0902CA0E0FFD39404BA
:1092D0004002C136EFC394035002C136902CA6124F
:1092E000BFCB600B902CA6129FA220E102C136D109
:1092F00039FF12BF18EF600CD139FF129FA8EF2081
:10930000E102C136D139F1F912F7F84011F1BCD1BF
:109310004230E006D217D20C8004A210920CE5363F
:10932000B54F0312EF8512D95312448BE4FF02E9C3
:109330003C9027FCE064066002C136D137605BE4F4
:10934000F531902835E06019853631902CA6E0F58E
:109350003612F7F84015F1BCD14230E00ED217803A
:109360000A902CA6E0B5360312F87FF1EA12448B7E
:10937000E4FF12E93C9027BE1216E66003122E9419
:10938000E5316035654F6031E5316536602BE4FBD2
:10939000FA7D05AF31120C68801F902CA6E0B5361F
:1093A0000D12F87FF1EA12448BE4FF12E93C90279A
:1093B000BE1216E66003122E8212D95302BDAE9081
:1093C000289BE0FF603CD1376030854F3612F7F8BC
:1093D000401AEF30E016F1BCD14230E00F902CA6DD
:1093E00012E69DAD3012200ED217D20C12ECBAAD9F
:1093F000077E1F7FC812200E8003E4F536F1EA12C3
:10940000D95312BBAB7413F090289BE07F0060022D
:109410007F80902835EFF07F003017027F01902881
:1094200036EF1285C790045B740412F7F044059080
:10943000045CF0A37409F0A37448C123E4902CA940
:10944000F0E536654F703512DC4EEF7025902CA696
:10945000E0B537159027FCE0FF7407D39F500A74DE
:109460000AC39F40047F0180027F00902CA9EFF087
:10947000600A740712B7A4D26102E66812DC4EEFEC
:109480006010740F12B7A47A097B577D01AF3702C1
:109490000C68902CA6E0FF65377002C136A18930B8
:1094A0000702C136E536654F6034E536601E2000A0
:1094B0001B12B7A8D21812448BE4FF12ED0DEF6017
:1094C00002C136C218902CA6E0FFA18912F89AE5D5
:1094D0003660073000047D0480027D05A1C612DCE1
:1094E0004EEF7002A1B1300002A1B112B7A8E49012
:1094F00027FAF0A3F0902CA9F0753105746A253194
:10950000F582E43428F583E4F0D531F0902CA0E026
:10951000D39402404D902C9E123C23E490286AF094
:10952000902CA0E024FEFF90286AE0FEC39F502FFD
:10953000F1CBE92ED142F531601DFF12BF18EF705B
:1095400005E531B4EF0B90286A12ED9EE531F0800D
:1095500006902CA97401F090286AE004F080C112F2
:1095600017817E267F51AD3712E3EE5006902CA96D
:10957000E06037902CA9E060147C097D75AF37124C
:10958000EE83401D902CA6E0FF7D048039D2181296
:10959000448BE4FF12ED0DEF7007C21812F8E7805C
:1095A000259027FC740BF002E4A512F89A7D028046
:1095B000151217819027FCE0B40B08902CA6E065EB
:1095C00037607312F8E70298A1E536654F7067308F
:1095D000176490283304F0A3741AF0E4F531D139FC
:1095E000540FFFE531C39F501C12F7036017E0FFD3
:1095F000E5317C007B012436F9EC3428FAEF120EB9
:10960000FF053180D9902835E531F0902CA87405FC
:109610001285C7E531240312F8DFE090045CF0E422
:10962000A3F0A3F0902CA6E0FBAD4FE4FF020BD714
:10963000D139FF12F4F322C217902C9D1212D0E9F7
:109640002402F9E43AFA020E40902F5F1212D9E98F
:109650004AC36001D34002E11E902F5FD13C30E04D
:1096600017F12024B7D142540FFFBF0503D3800167
:10967000C34005F1F302A83712C93DF1F312C8E166
:109680005014E0FF9404500280027F04F120124540
:1096900003F1DC12C91D902F5F12181F12C926F1A9
:1096A0001F24DFD142902C1FF11F24E8D142902CBF
:1096B00025F11F24E9D142902C26F11F24EAD14242
:1096C000902C27F11F24E6D142902C1DF11F24E796
:1096D000D142902C1EF11F24EB12C71412C92FF196
:1096E0001F24E5D142902F627003F080037401F0D3
:1096F00012C70B45F06022902F62E0FF12C8DAC05B
:1097000003C002C00112C70BFDACF0F58285F083E7
:10971000D001D002D003121410F1F312C91922F0B3
:10972000902F5F1212D0E922F1B5E94AC36001D34C
:109730004002E1B3F1B512383E74FF120EAA120EC8
:1097400040FFD394014007EF940350028058F1B5D5
:10975000E92401D14264017052902C1112181F1299
:109760000FFC1246A1703FF1B5E924B6D142654F16
:109770007034F1B5E924B7D14220E72AF1B5E924E4
:10978000B9D142D39440501E200D1B902C111218B9
:109790001FEF54F84402FF12CAB3F1B5E924B7D160
:1097A000424410120EFFF1B502C98BE4902C14F064
:1097B000120BDC22F0902C110212D0FF902C9D1283
:1097C00012D0E9240322902CA0E0FF902C9D0212DD
:1097D000D0902802E0FF7B017A287933902E320264
:1097E00012D9F07B017A2779C4227E1F7FC9AD365A
:1097F00002200E902F5F0212D0F536F1EAC2172236
:10980000AD07ED547024F0601F24F0603224F06046
:10981000412430705211698005C333CE33CED8F95C
:10982000AC8011756001D32211698005C333CE333A
:10983000CED8F9FFAC90ECFBEF5BC36001D32211F3
:10984000698005C333CE33CED8F9ACA01175600161
:10985000D32211698005C333CE33CED8F9FFADB022
:10986000EF5DC36001D322C322ED5407FF74017E74
:1098700000A8070822FFECFBEF5BC322902836E02C
:10988000240490045BF0A37405F0A3740AF0A3749D
:109890006FF0AB36AD4FE4FF120BD7EF227D03AF75
:1098A00037903005EFF0A3EDF030071C9027FCE077
:1098B000B40E0A12448BE4FFB1ABD20722903006FB
:1098C000E06404605302BDAED207B16B740BF0903C
:1098D0003006E0902792F09027FCE0640E701C7137
:1098E000F91285CE740312B8E1A37409F07452B171
:1098F000A311947023FBFAF9FFA1AB71F91285CE85
:10990000740312F795A37409F0744DB1A311947008
:1099100007FBFAF9FF12EB8822E4902868F0C26492
:109920009027C1E0FFC3940450079027C0E0B40122
:1099300008EFC39401400261029028037401F07F94
:109940000C3015027F14902804EFF0300F0241A470
:109950009027C1E07032902830E0FF12E07350177A
:10996000902831E0FF12E073500D902830E0FFA303
:10997000E0FD12E08E501171E2C216E4903045F025
:109980007156E4A3715F41499027C1E07004D2167B
:1099900071E290278BE06401706E9027C1E0600651
:1099A00090277BE06062E4903045F0903045E0FF26
:1099B000C394045015747B2FF582E43427F583E0BB
:1099C0006008903045E004F080E17B017A27797BE4
:1099D0001297DC7A2879077F0412A95071569027D4
:1099E000C1E0FF716BF0903045E0FE902806E02E5C
:1099F000F090278B7402F090277BEFF09027C10442
:109A0000F090277FE0FF80417B017A307945902EEE
:109A1000A21212D9A26492637A28790712EF245015
:109A20005C7B017A287907903045E012F75012C02C
:109A3000CA404671567167F0903045E0FF902806A5
:109A4000E02F715F902918E0FF12EF6890280BEF6C
:109A5000F0E0FFC007902831F1A2546025E0FFC07C
:109A600007902830F1A25460C4540FFED0E04EFE9F
:109A7000D0E04E90280BF0802BD2648022902918E1
:109A8000E0FF7B017A28796812E0A9902831E0FF95
:109A9000902830E0FD12C2449264206402D20F305C
:109AA00064024108300F339027C1E0701A902830CB
:109AB000E06014B1731216E67002615512448B8F88
:109AC000828E837F046152E4903045F0902805F047
:109AD0007167715F90280B7408F090280BE0FF907D
:109AE0003045E0FE2407F582E43428F583EFB19B8E
:109AF0001285CEEE240512B8E112F80D11947055BE
:109B0000803990278BE06402703890280304F07F3E
:109B1000243015027F25902804EFF0715690277BA2
:109B2000E0902806F0E490278BB19B1285CE12F2CC
:109B300058A304F012F80D1194701AFBFAF97F0281
:109B4000A17BB1731216E6600C12448B8F828E8358
:109B5000E4FF12141022902830E0902805F022F043
:109B60009027C1E004F0229027C1E0C454F090286F
:109B70000622902FCCEFF0A3EDF0FF12A7EFC00765
:109B8000902FCC12A6A25438FED0E04E7F1030E3C6
:109B9000027F08902FCEEFF0902FCCB1B4700790D9
:109BA0002FCDB1B460047F008016902FCDE0FF125E
:109BB000A753C007902FCCE0FF12A753D0E05FFF60
:109BC000EF30E1037F0422EF30E0037F0322902F88
:109BD000CEE0FEB410037F0222EE7F00B408027FC5
:109BE0000122902831E0FF902830E0FD7172902929
:109BF00018EFF022A2609243227B017A277990220B
:109C0000902797E0FE33333354F8903046F0200D20
:109C10000281EBEF04F531903046E0FFE531D39F50
:109C20005047902C38E030E403120C1D91EEAD311A
:109C3000F1CEEF6030AF3112AF194022E531654F00
:109C4000601CE531149027FFF01230E5AD077A096A
:109C50007B9DAF3191F5EF600281ED02EFA391EEB4
:109C6000AD3112A38B053180AEC23DC20D9027B637
:109C7000E0FF654F6004EFB53519902797E0FD913F
:109C8000EE12CAC390280C1216E66061AA06A90754
:109C900002140CB16B124657E535602A75320390F9
:109CA00027B6E0FD71F99004737403F09027B712A2
:109CB000F837AF35120BF5EF7008FBFAF97F011298
:109CC000DB21E4F53322902800E0FF71F91285CE04
:109CD00090045B7403F09027B712F8299027B6E040
:109CE000FBAD4F120BD7EF7004E1EBC23D227B01BD
:109CF0007A27799822902FAB12EE5CB16B7418F032
:109D0000902793EDF0FF123B52902792EFF07531C0
:109D10000190282DE0FFB40203753102EFB4030374
:109D20007531039027EDE0FF600C7F40B402027FA5
:109D300020EF4402F531E535601DFF12AF195014D4
:109D400071F91285CE12D63AAD357F01B163EF605D
:109D5000037F01227F002271F91285CE12D63AAD1F
:109D60004FAF31902FABE0FB020BD79027907401DF
:109D7000F0A322C215C2009027BC22902F3C1212E1
:109D8000D9902F3BEFF070022119B17312DFE86018
:109D900009902F3B1245C71245C022F07B017A285B
:109DA000790322A3F0903005E0FB2212BDAE12D859
:109DB00053C20722E0FFC265F168EF22902DC41262
:109DC00012D9902DC7EDF0E4902DC9F012C7849000
:109DD000289CEEF0A3EFF0F14C12F858902DC8F14A
:109DE000477D1D12DFEFEF70037FFF227B017A2892
:109DF00079C0F1C77A2879DDF1C77A2879C0902D2A
:109E0000C7E0FD12A7CDE4902DCAF0902DCAE0FF67
:109E1000C394044002E14474582FF15912C3DD4049
:109E200005F1537401F0F153E0902DCBF0902DCB60
:109E300012BFCB7002C1D912F7DD902DCBF1E570C6
:109E400002C1D9F14C902918E04480FE7D40305C7D
:109E5000027D00EE4D902E4EF0902DCBF147902DCF
:109E6000C8F1E5603A902DC8B1B4600F902DC8B12B
:109E7000B4602C902DCBF1A230E424902DCBE0FFE8
:109E8000902DC41212D0902DCAE0FE29F9E43AFABE
:109E9000EF120EFF74582EF159EFF0EE04FF22304E
:109EA0005C0DF14C12F858902DCBE0FF12A2B9E4F2
:109EB000FF902DC9E012E195C083C082E0FE74FAE4
:109EC0002FF582E43428F583E0FDEE4DD082D08377
:109ED000F00FEFB41DDB121781902DCB12C3DD40C4
:109EE000037401F0F153E0FF902DCBE06F600D1291
:109EF000C47EC374509FE49E4002C12D12C47EC331
:109F000074509FE49E500512C7CC8038902DCAE053
:109F100004F0E4FF902DC9E0FE12E195C083C082F9
:109F2000E0FDEE12E197E0FEED6ED082D083F00FFF
:109F3000EFB41DE012F7DD7D1DF1BE902DC9E06488
:109F400001F0C10B7FFF22E0FF12A2B97B017A284A
:109F500079FA22902DCAE02458F582E43429F58359
:109F600022902E99E0FFD26590304BEFF030651AC9
:109F7000902891E0FFD394004010EF940A500B908A
:109F800027C0E0640260037F002290304B12BFCBF9
:109F9000600A90304BF1A25460FF80027F00229053
:109FA000300BE0FFF1A8EF22EFD394E840037F00ED
:109FB00022EF75F005A424F4F97400021E35ED605B
:109FC00005124555DDFB227D1DF1BE7B012212A746
:109FD000E7F582122871FFED12E3E68002C313D881
:109FE000FC5401FF22E0FDF1CEEF2212448BE4FF8E
:109FF0009027FFE0FEEF6021EE131313541F12A011
:10A0000023C083C082E0FFEE12A033088002C33376
:10A01000D8FCF45FD082D083F0300D06EE04FF123E
:10A020009C00222498F582E43427F58322EFF0E5A2
:10A030005214FE5407FD7401A805221159121E3A4C
:10A0400090303E112D088002C333D8FC4F90303E33
:10A05000F0EE115EE0FD02200E8F52E55214131354
:10A0600013541F7E002438FFEE3400FE22115912D3
:10A070001E3A90303F112D088002C333D8FCF45FA4
:10A0800090303FF0EE115EE0FD02200E9028981215
:10A09000180A705C902891E0B40302802790289100
:10A0A000E06404701811FA200E0A31026006300CC8
:10A0B0000312814E7F22300E027F23802790289149
:10A0C000E0B408028046902891E06409701B11FA00
:10A0D000200E0A31026006300C0312814E7F2230BE
:10A0E0000E027F23F1DF02E27BE49027EDF011F115
:10A0F000227B017A28799502D83911F1E49027ED75
:10A10000F022902892E0FF113BE5362211F112BBBC
:10A11000AB7405F090282DE0B404069027ED74018F
:10A12000F09027EDE0FF902835F0EF902891600542
:10A130007409F080037404F0902896E0FF30E50283
:10A14000D22390282DE0041285C79027EDE07E00F1
:10A1500070027E01C374039E90045B316D1298946B
:10A16000700231652212448B7F0202818CF0EF5421
:10A17000DFA3F0A3740AF0A3746FF0902892E0FBC1
:10A18000229027C5E030E1099027C4E020E7024192
:10A1900032EF600E902892E0FF515390304DEFF077
:10A1A0008005E490304DF0200E0890304DE06002C4
:10A1B000413212BA15902892E0FD12F082902835B3
:10A1C000EF12BBAA7404F0A3E07002FF2290282DC6
:10A1D000E0FF902835B404115135740151427402E6
:10A1E000F09028917408F0800D5135E45142EFF061
:10A1F0009028917403F0902896E0FD30E502D22378
:10A200001285C8902835E0240590045BF0ED316F8D
:10A210001298947002316530020B12E58212F768D1
:10A22000120D30800A300E07F1DF7F2112E27B7FB2
:10A2300001227FFE22E0541F2436F582E43428F503
:10A240008322F0902835E0541F2437F582E4342827
:10A25000F5832290303DEFF0D394004038E0D39462
:10A26000E85032902891E0B404037F00227E007F02
:10A270003851A5D19651A590303D129FE560037FDE
:10A28000002290303DE0FF51A5902E4E744051A227
:10A290007D1D02DFEF7FFE227B017A29795CE4904D
:10A2A0002E4EF051B97B017A29795C22E0FF7B01C7
:10A2B0007A287937E4902E4EF0902E4A1244E4909A
:10A2C0002E4EE05407902E50F0902E4A12F76FA3B6
:10A2D0001212D0D196902E50E0FD6044902E4AE0AC
:10A2E000FF91FA400971857D1D129FBE8032902E2C
:10A2F0004F7401F0902E4FE0FFD394E85022A3E07A
:10A30000FD91FA40137185902E4F129FE5600971FF
:10A3100085902E4FE0FD718B902E4FE004F080D49D
:10A32000902E4EE030E72A902E4AE0FF90291BE065
:10A33000B50709718590291CE0FD718B902E4AE0CC
:10A34000FF90291CE0B50709718590291BE0FD717C
:10A350008B902E4EE030E62CE4A3F07185902E4FCA
:10A36000E0FF29129642FE743B2FF582E43429F572
:10A3700083E0F45E120EFF902E4FE004F0E0B41D77
:10A38000DA12178122902E4B0212D0F1E729129691
:10A3900042F1F68002C333D8FCF45F020EFF902D29
:10A3A000861236FD1212D912C793F0303E0690285D
:10A3B0009E7401F0902D8EE0B4010690289E7401E9
:10A3C000F0F1C2902D87129FE56004D23F8009C250
:10A3D0003F902D87E0FFF1C951A5902918E0444036
:10A3E000902E4EF0902D87E0FF51A3902D86E0FD3A
:10A3F000718B90289EE0FFD39534505B12BF18EF0D
:10A40000604D51A590289E129FE5604390289EE0E4
:10A41000FF902D86E0FD902D881212D0902D3E12D7
:10A4200012D9902D8B12C4016014902D8B12AFCED7
:10A4300012F750902D881212D012C0CA50199028CD
:10A44000BE12C48112C3CB500612C7CC7F0022902B
:10A45000289EE004F0809B203F07902D87E0FFD1ED
:10A460009090289EE0FF04F0EFD395347F014002E6
:10A470007F0022902FF7ECF0A3EDF051A551B4E44A
:10A48000F552902FF7F12412BB88121851500F90FB
:10A490002FF712BE82E582255212E1A7E4F00552A1
:10A4A000E552B41DDD755201E552D39534502EAFFF
:10A4B0005212BF18EF6022C265AF52129F68EF6060
:10A4C00012F133AD52129FCEEF600851A5AD52F19B
:10A4D000CD800651A5AD52718B055280CBF133C0B2
:10A4E00002C0017A29795C1297DCD001D0027F1D6D
:10A4F00002A950E0FF902918E0FD903011EFF0ED37
:10A5000024FE601F14602914602A2403702BD19F3D
:10A51000543864106009903011E0FFD1B85002D374
:10A5200022C322D19F5438FFBF1003D38001C3221E
:10A53000F1461322F146A2E122C322902FFBEFF055
:10A54000E4A3F090291774FFF0E4F552B1BBE0707A
:10A5500006B1ADE4F08034B1ADE020E72EB1ADE05E
:10A56000FF902FFCE0FEEFC39E4020B1BB91F35063
:10A570001AB1BBE0FF902FFBE0FEEF6E600DB1ADB6
:10A58000E0902FFCF0902917E552F00552E552C3F8
:10A59000940A40B8902917E0FEF4600EE0FFB1AFD6
:10A5A000E04480F0EFB1BDE0FF22AF0622E5522586
:10A5B000E02419F582E43412F58322E55225E024E3
:10A5C00018F582E43412F58322E4902FFAF0902FEC
:10A5D000F9E0FD7002C18FD394E84002C18F12C729
:10A5E0009D129FCEEF7002C18FE4F552B1BBE060C7
:10A5F00037B1ADE0541F902917F0B1BBE0FF902FA9
:10A60000F9E0FEEF6E7021305E0E902917E0C394E2
:10A610001F500DE004F08008902917E0600214F04C
:10A62000902917E0448080430552E552640A70BCCB
:10A63000902FF9E0FFD1B8E433902917F060057549
:10A6400052058003E4F5527F0AE552C3940A50256F
:10A65000B1ADE0541F7002AF52B1BBE07013902F48
:10A66000F9E0FFB1BBEFF0A25EE433FFB1ADEFF074
:10A6700022055280D4EFC3940A5014902FF9E0FEC3
:10A68000EFB1BDEEF0A25EE433FEEFB1AFEEF0222B
:10A69000F1C2AD07618B902E80741DF002203990BD
:10A6A0003011E0FFD1A8EF22EFD394E840037F0000
:10A6B00022EF124646021E35F1EFBF0803D3800198
:10A6C000C322902FF5ECF0A3EDF051A551B4F12188
:10A6D000F552E552C3941D501DF12112BB8812188A
:10A6E00051500F902FF512BE82E582255212E1A73C
:10A6F000E4F0055280DCE4F55251A5AF5212E013AC
:10A700008F52E5526016D1A8EF20E710902FF6E0A7
:10A710002403FF902FF5F13DAD52F1CDE55270D9F4
:10A7200022902FF5E0FEA3E07B012402F9E43EFA3B
:10A73000020E40902FF8E02403FF902FF7E0340042
:10A74000FAA9077B0122903011E0FFF153903012FB
:10A75000EFF022EFD394E840037F0022EF75F0057D
:10A76000A424F5F97400021E35E4FFEFB1AFE05404
:10A770007FF0EFB1BDE07005EFB1AFE4F00FEFB4E3
:10A780000AE922902E931212D9902E96EDF0E490C1
:10A790002E98F0902E96E0FF902E98E0FEC39F50EA
:10A7A0001E902E931212D0E92E129642FF902E97F1
:10A7B000E0FD91FA400122902E98E004F080D4D37D
:10A7C00022F07B017A29793B22F1C2AD07F1E7291A
:10A7D000129642F1F68002C333D8FC4F020EFF906E
:10A7E0002892E0FDE4FB221DED131313541F22D128
:10A7F000A8EF5438FF22FFED5407FE7401A80608A5
:10A8000022EF14600D14600D14600D2403700CAF62
:10A810008022AF9022AFA022AFB0227F0022F9E4C5
:10A820003427FA7B01E4FFAE051DEE6009EF120E3E
:10A83000FF12E00B80F122902C111212D9E924E5CD
:10A840001296426018E4902C281297B412383E7485
:10A8500001120EFF7E0B7F37FD7C0001F01297B5D1
:10A86000E92401129642D394014045120BC8902C62
:10A8700028EFF07E0B7F371297B5E924B712964286
:10A8800030E71E1297B5E924BB12964220E012125F
:10A8900097B5E924BC129642F13FB504047D0780C8
:10A8A0000B1297B5E924B1129642F12F7C0080403B
:10A8B000E4902C28F07E0B7F371297B5E924B7126D
:10A8C000964230E71E1297B5E924BB12964220E06B
:10A8D000121297B5E924BC129642F13FB504047DEB
:10A8E00007800B1297B5E924B1129642F12F7C0034
:10A8F000020BC3902FBD1212D9902FBD12CBED12B7
:10A900009642FF30E11B902FBDF1CE30E708E924DD
:10A91000031246158026902FBD1297BF1246508015
:10A920001BEF902FBD30E30B1297BFF9E43AFA7496
:10A930000480091297BFF9E43AFA7403120EFF90EB
:10A940002FBD1297BF129642FF227A27797B7F058F
:10A95000902E2F1212D9AE071FEE6020902E32F1EA
:10A96000CEFE902E2F1212D0EE120EFF902E30E45B
:10A970001217EA902E33E41217EA80DA22902D4360
:10A980001212D91212EEE92409129642541FF5450B
:10A99000D1FA2407129642FFE54064016022E540A7
:10A9A0006402601C7412D39F5016E545B40206740D
:10A9B00019D39F500BE545B40108741ED39F400284
:10A9C000C322D1FA240A12964230E21BD1FA24089B
:10A9D000129642FF654F600FF119400BD1FA240423
:10A9E000129642FF12D758E545640260024198F181
:10A9F0000EE9240712964230E7024196D1FA240864
:10AA0000129642FF654F6004F1195027203302412E
:10AA100096C233D1FA2404129642FD7F0312F34CFE
:10AA2000D1FA2404129642FFD25FD1FA241312D233
:10AA3000628063D1FA240C129642FF540FFE6056D6
:10AA4000D1FA240DF9E43AFA1E7C00E92E1245EF02
:10AA5000654F7042D1FA240712964264197037D1BB
:10AA6000FA124638EF54F024102ED1F71244AEE417
:10AA7000120EFFF10E1212EE1297DC7F18F137C2A0
:10AA800020D1FA2404129642FFD1FA2408129642E9
:10AA9000FDF1DD120BD2C322E4902D49F0902D4937
:10AAA000E0FFC394045026D1FA240DF9E43AFA7E6B
:10AAB00000E92FF9EE3AFA120E40FF654F6004F1FB
:10AAC000195002C322902D49E004F080D0D1FA241D
:10AAD00004129642FFD1FA2406129642540FFD1238
:10AAE000F4735002C322D1FA2408129642FF654F34
:10AAF0007002813DF1195002813DE540640570020C
:10AB0000813DE54064047002813D90280EE020E024
:10AB100002813DE5456401600BF10EE924071296C0
:10AB20004230E718203102813DE545640160028131
:10AB30003DD1FAF1D412CBFE4002813D12CB5B8FA6
:10AB400042BF0202C322D1FA2407129642FF744088
:10AB5000C39F5002C322E545B4011AD1FA12460E32
:10AB60007B01C002C0017A0779391297DCD001D08D
:10AB7000027F04315012F77FD1FA2407129642F176
:10AB8000051245FFC003C002C001F10E1212EE1201
:10AB900097DCD001D002D0033150D1FA24041296B0
:10ABA00042FF12F40FD1FA2406129642540FFE12FD
:10ABB000F4C8A60612F40676070876D0D1FA240C5B
:10ABC00012964254F0FF60757440C39F406F74F05A
:10ABD0002FF105242C129642540FFE7404D39E408C
:10ABE0005CF106242DF9E43AFAEE7C0029F9EC3AFE
:10ABF000FAE54F120EFFEF2E04F105242CD1F224BA
:10AC000004129642F1052402D1F22408129642FF62
:10AC10009027101297BFF9E43AFAEFF1BE1212D062
:10AC20007401F1BE12181F7440D1F7240712964226
:10AC3000F105F14FEF120EFFF10612F744D1FA249D
:10AC400008129642FF654F6013F119400F20380C2F
:10AC5000D1FA2408129642F46002C1EEF10EE92402
:10AC60000712964220E704E5456028E54064056048
:10AC700002C1EEE54564016002C1EE203002C1EE82
:10AC8000D1FAF1D412CBFE4002C1EE902891E060DF
:10AC900002C1EED1FA12460EC003C002C001902DCF
:10ACA000431297BFF9E43AFA12130ED1FA240712AD
:10ACB000964224EEFFF148EF120EFF303814D1FA1D
:10ACC0002408129642FF654F6008EFF46004F11902
:10ACD000500FF10EE924071296424401120EFF8034
:10ACE00002C322E54564016011D1FA2404129642A0
:10ACF000FFC25FD1FA240C12D262D1FA2405129657
:10AD00004220E602C1E7E54564016002C17FC2302E
:10AD1000902D431297BFF9E43AFA09E970010AE469
:10AD200075F004121027F14874FC120EAAD1FA240F
:10AD30000C129642540F902D4AF06056E490276D05
:10AD4000F0902D4AE0C454F090276EF0E4902D4B23
:10AD5000F0902D4A1246F05032EEFDC3EF9DFFE415
:10AD60009400CF240CCF3400FED1FA2FF9EA3EFA3A
:10AD7000120E40FF902D4BE0246FF582E43427F54E
:10AD800083EFF0902D4BE004F080C6902D4AE02434
:10AD900002F0902D4AE0902D4CF0D2327A0379C225
:10ADA0007D0512469A9003C27414F0D1FA24081259
:10ADB00096429003C4F0D1FA24041296429003C341
:10ADC000F0902D461212D07D02120BFF9003C5EFBA
:10ADD000F0902D431297BF1245E0C003C002C0019E
:10ADE000F10EE924061296421244D6D001D002D0C8
:10ADF00003E4FFFE1285D4C232902891E0602590D2
:10AE00002D4CE0246DF9E43427FA7B01C002C00127
:10AE10001297D8D001D0027F073150902D4CE024FA
:10AE200007F08002C322E4F540902835E0FFC25FBE
:10AE3000D1FA240C12D26212F7D5D220D1FA24040E
:10AE4000129642FBC0037B017A27796D1285CE9062
:10AE50002D4CE0FDD394077E0040027E01ED2E9044
:10AE6000045BF0EDD394077F0140027FC190045C46
:10AE7000EF12E263D003AD4F7F02120BD7C322F172
:10AE80000E1212EE1297DC7F11F137902718E05462
:10AE9000BFF0D1FA2404129642902724F0D1FA246C
:10AEA00006129642540F902725F0D1FA1246381216
:10AEB00097DC7A277926F1C5D1FA2408129642FF49
:10AEC000902717F090271A7419F0D1FA24041296DB
:10AED00042FD90271BF0A37422F0A37407F0C22058
:10AEE000F1DD120BD28009E545C37001D322C322E4
:10AEF000D322F9E43AFAEF120EFF902D431212D04A
:10AF00001212EEE922FF9027101212D0E922902DA2
:10AF1000430212D0902892E0FFEF6011D394E850E2
:10AF20000C12B7EDAD07129FCEEF24FF22C322759E
:10AF3000F00A842406FD227B017A2779132150FD33
:10AF4000C4540FFCED540F22902D431212D0E9246B
:10AF500006F9E43AFA22902F501212D9902F4FEFAF
:10AF6000F06006E0D394E84002C322902F50123ADA
:10AF700094F9E43AFA1297DCF1B77F033150902F3D
:10AF800050F14B1297DC1246663150902F4F12EC65
:10AF900083F1B7122190D213902F4FE0FF12CFE52B
:10AFA0004008902F4FE0FF12A7C9902F4FE0FFE419
:10AFB000FD12EC93A213227B017A2E79D922120E74
:10AFC000FF902710227B017F052150902FC612127F
:10AFD000D0020E402411F9E43AFEAF01227B017A3F
:10AFE00027791390044D7419F0A37440F0E4A3F092
:10AFF000A3F0220206ED902E871212D97E007F1454
:10B00000121E3A902E8A1244B6902E8A12AFCE703B
:10B010001004120EFF1137E94A601B7E007F088082
:10B020000A1137E94A600F7E007F101137902E8099
:10B030007404F012203922902E870212D0902F8AA9
:10B040001212D97E007F1412200E7E007F10902FE6
:10B050008A1212D011621227C27F01227B017A2C40
:10B060007908902E09E4F0A3227E7F7F9C902C0328
:10B07000EEF0A3EFF0F5828E83D10B607571ED7168
:10B08000CF902BF712456D12C703902C00D14A7A4E
:10B090002C790E71FD122039902C0EE0FEA3E0FFFA
:10B0A000907FC07401936F7003E4936E7F00600221
:10B0B0007F01902C05EFF0902C00123A9412AFD63D
:10B0C0007B017A2C790E71FD122039902C05E090CD
:10B0D0002C0E12463F907FC27401936D7003E4936F
:10B0E0006C7E0060027E01EF4E902C05F060037FC5
:10B0F0000022D154D173F1C4AC02AD01E02DFD901A
:10B100002C08E03CCD2402CD3400FC919ED1177078
:10B110000221AB219EF1DF947EEC947F500241F33B
:10B12000D154D173D141D10B603571ED71CF902BDA
:10B13000F7123ACA124570711C902BFD1212D0C042
:10B1400003C002C0017116D3D082D083D0E0124573
:10B15000CD4013710412F6CBA3E0FB71228007F1FE
:10B16000D612448A711C71D212E09E9E4030711634
:10B1700012F548CF24FBCF34FFFEC00612448B12D9
:10B18000F6B9D006122199711612EB69CF24FBCFC4
:10B1900034FF91917116AE02AF01115CD105902C74
:10B1A0000374FF75F0F6120FD02115902C03747FF5
:10B1B000F0A3747EF0F1DF949CEC947F400241F3A5
:10B1C000D1541212E2902BFA1212D98F828E83740C
:10B1D000069324FEFE74059334FF902C08F0A3CE52
:10B1E000F08D828C83740393FF740493902C06CFAC
:10B1F000F0A3EFF0902C061216E6700241A6902CF8
:10B2000003F1BB74079324FC6022146030240370A4
:10B210004B7B017A007904711C7116C3EF99FFEE24
:10B220009ACF24FECF34FF902C0680207B017A60D9
:10B230007900711C711612F6A834FF800F7B017A19
:10B24000607940711C711612F6A834FFF0A3EFF07C
:10B25000E92402F9E43AFA902BFA800DE4902C06E6
:10B26000F0A3F0FBFAF9902BFD1212D9902BFD12EE
:10B2700027EE7116E96F7002EA6E600A710412F629
:10B28000CBA3E0FB7122902C03B1FC740793640202
:10B29000701B7E007F157D5412200E7E007F167D70
:10B2A000A512200E8007F1D612448A711C71D212A9
:10B2B000E09E9E4032711612F548FEC00612448B85
:10B2C00012F6B9D006122199711612EB699191719B
:10B2D00016124677902BFA1212D9902C03B1FCD19A
:10B2E00080F1C4115CD105902C03E475F00A120FB3
:10B2F000D021B5902C081246B17E007F00115CD1A0
:10B30000057F0222902BFD1212D0AE02AF01902CCD
:10B310000AEEF0A3EFF0902BFA0212D0902BFD0270
:10B3200012D9902AE9EEF0A3EFF0A3ECF0A3EDF030
:10B33000A31245F6D3902AEAE09D902AE9E09C40CA
:10B3400035F137500261CEF11040047F80800690C5
:10B350002AEDA3E0FF902AEFEFF0902AE971DEE0FA
:10B3600012205A71DBE0FD1162F121FF7E00F12B0A
:10B370009EF0D16180CB902AEDE0FEA3E0FFD16189
:10B38000F137404AF11040047F808006902AEDA3F7
:10B39000E0FF902AEFEFF0FD7C00C3902AEAE09DE9
:10B3A000FF902AE9E09CFEF0A3EFF0C3902AECE0C6
:10B3B0009DF0902AEBE09CF071E3E012205A71DBE3
:10B3C000E0FD1162F121FFF12B9400F080B2221216
:10B3D0002039902C06E0FEA3E0FF22902AEBE0FE4D
:10B3E000A3E0FF7B017A2A79F0902AEF22902BF7D5
:10B3F0001212D0AE02AF017B017A2C7906902E801A
:10B400007402F022902D0EEFF07B027A007902A3F5
:10B410001212D9806C902D151216E66071902D0FC6
:10B420001212D0E92FF9EA3EFAE924FBF9EA34FFD7
:10B43000FA902D12D14A7A2D791771FD1220399088
:10B440002D17E0FEA3E0FF902D15E0B5061EA3E04A
:10B45000B50719902D12123A9412AFD6121E3A90D7
:10B460002D0EE0B50708902D120212D08020902DED
:10B4700015E0FEA3E0FF902D10D16D902D0F12125C
:10B48000D0D14D7A2D791571FD1220398087024473
:10B490008BFE902C09E029FD902C08E03AFC902CC2
:10B4A000D41245287400F0A37476F0902CD8B1FC27
:10B4B000E4937002A1F8E493FF541F902CDA124633
:10B4C0001CEFC41354071213E6B4E500B4E701B44B
:10B4D000E902B4FF03B51504B52805B53E06B54825
:10B4E000070000B4AB802E803F902CD8B1FC7401D3
:10B4F00093FF740293902CDCCFF11824038045D184
:10B5000021740293FD740393902CDCCDF0A3EDF035
:10B51000EF24048024902CD8B1FC740193FF902C6C
:10B52000DCE4F1182402801CD121740293FD902CDC
:10B53000DCE4F0A3EDF0EF2403FFE43EA1EE902C59
:10B54000DBE02401F108A1EE902CD812CFD17401D8
:10B5500093FB7A00902CDBE0FEE42BFFEA3ED13E29
:10B56000740393FE902CD8F1BD740493FDEDFF900D
:10B570002CDC122C34902CD5E09F902CD4E09E50E3
:10B5800065902CD61222D2902CDDE09F902CDCE02E
:10B590009E5053E4902CDEF0A3F0902CDA1222D2CD
:10B5A000902CDFE09F902CDEE09E503AE0FCA3E080
:10B5B000FD902CDDE02DFF902CDCE03CFE902CD9A2
:10B5C000E02405FB902CD8E034008B82F583E582E3
:10B5D0002DF582E5833CF583E493FDF101902CDEAB
:10B5E000E41217EA80B4902CDBE02405F108902CDB
:10B5F000D88FF0120FD081AB2290285FE0FEA3E03D
:10B60000F5828E83227402F0022199740793FF91D0
:10B6100004902BF71212D9902BF71212D0E94A4B53
:10B6200022902CD8E0FCA3E0FDF5828C837401937A
:10B63000FB7A00902CDBE0FEE42BFFEA3EFE902C30
:10B64000DAF0A3EFF08D828C83221212D9AE02AF12
:10B65000017B0122902C03E0FEA3E0FFF5828E83A4
:10B6600022902AE9EE8FF0120FD0902AEBEE8FF0A5
:10B67000020FD01212E2902BFA1212D98F828E830F
:10B68000740593FF740693902C08CF2212E0437E3A
:10B69000007F10C006C374EE9410FE742F12448213
:10B6A000D0061227CEE4FFFE919E7E267F507D01BC
:10B6B00012200E200414F146C203D20CD210C2177D
:10B6C0001246F840121226BC800DF1E91162F15ABF
:10B6D0001227E7AD4F113D12D95312F6DD12D833C0
:10B6E000C24D12004612BCC712EB757F01120C133B
:10B6F00012000A90280C1216E660031246E9C204F2
:10B700002212200EE433FF22FF902CDAE0340022D4
:10B71000D3EF9480EE940022F0A3EFF0902CDBE0C6
:10B7200022EDF0122199902AEFE022C3902AEEE058
:10B730009FF0902AEDE022902AEDE0FEA3E0FFD3F7
:10B740009400EE9400227E267F8B12448B1162F1CE
:10B750005AF1ED7D1DE4FF02A827741DF002219926
:10B76000902FC61212D912AFCBFF64066004EFB45B
:10B77000050CE412D9E0C20BB1F97F04801412AFBA
:10B78000CBB40711E4FDFC7F0612D9E4C20BB1F97A
:10B790007F0502141012AFCBFF64036004EFB40402
:10B7A00002D20B229027FCF0902CA6E0F53722C2A3
:10B7B00004F1CDC18CD204F1CDC18CE0FCA3E0F545
:10B7C000828C8322F0A3EFF0AE02AF012290280C0E
:10B7D000EEF0A3EFF022902C06E4F0A37405229083
:10B7E0002C03E0FCA3E0FDC3227E267F8B7B017A45
:10B7F00028790F22021E3A902E92E0902E80F002BD
:10B800002039902E2CE0FDA3E0902E09CDF0A3ED81
:10B81000F01221995009902E2DE02401FF80027F23
:10B820000122902D34E0FDA3E0902E2CCDF0A3ED6D
:10B83000F01102902D38EFF0902D361216E66002CE
:10B840001148902D38E0FF22E4FB7D01E4902E406A
:10B85000F0902E3C1236FAEBF0902E4174FFF090EF
:10B860002E40E0902E42F0902E42E0FFC3940E5006
:10B8700062EF12D06E12D5B47051902E40E07E016E
:10B8800070027E02902E4212D446EEF0C007902E37
:10B890003EE0FF7E0060097C007D0A120F338002CB
:10B8A0007F0AE4FCFD902DBF121287902E3FE0909E
:10B8B0002DC3F0902E3CE0FCA3E0FDD00712D03960
:10B8C000902E42E004FF902E41F022902E42E004A0
:10B8D000F08094902E41E0FF22902E407404F001FD
:10B8E0005190045BF0A37405F0229027BBE0C39451
:10B8F000404002E4F0719E24E8F9741F121E358F57
:10B9000031E53170077D06AF370298A1F1DFE49091
:10B910002864F09027FCE06407600221AC74097190
:10B92000AA740DF0A3E53151147D29F1D7121E2818
:10B93000EF6401701D5115AF31511C719E24EAF95D
:10B94000741F35F0FEAF017A28793C741412205828
:10B950008018121E28BF030D5115AF31511CE49001
:10B96000283CF08005E490283AF090283AE0601FE7
:10B97000902864E0FFC394235015743C2FF582E4B3
:10B980003428F583E06008902864E004F080E190BA
:10B990002864E02409F0902837E020E15712F71BD3
:10B9A00024F912F6FB1297DCF1D180489027FCE0D5
:10B9B00064087040740A71AA740EF0A3E53112464F
:10B9C00006FB12F6EFAF3112A2B9E4F53174372558
:10B9D0003112A24BE06007E53104902864F0053194
:10B9E000E531B41DE8902864E0902836F090286492
:10B9F000E02404F012E4A51285C8902864E011E167
:10BA0000A37409F0A37461F0AB37AD4FE4FF120BE0
:10BA1000D7C20122F07B017A28793622902F481272
:10BA200012D9902F47EFF0D394E8400BA31212D015
:10BA30007D02E4FF02A827902F4712EC83A3121285
:10BA4000D0122033902F4812453B129642FF902F80
:10BA500048123ACA71961297BF129642FF902F4829
:10BA600012181F71961212D002A8F31244A6600396
:10BA7000C202227F01121EC012F6DD301A02614D91
:10BA8000D24D120046200205E4902780F0D20290A9
:10BA90002780E004F0D394E84002614B7E1F7FCA08
:10BAA000E0FD12E3EE40026146E5367004714E613E
:10BAB0004BE536B54F07902780E0FF615390289102
:10BAC000740BF07182E94A602112963FFF90278043
:10BAD000E0B50716902802E0FF902864F07182120A
:10BAE00097DC12462A12A950804E9028647409717E
:10BAF000AA740DF0902780E0FF902835F0F118EF40
:10BB00006025902780E0FF5115511C902837E020D8
:10BB1000E11B902864E014F012F6F91297DCF1D1E1
:10BB2000E490283BF0800651157D05F1D7E490287C
:10BB30003CF0902864E004F01285C8902864E0127C
:10BB4000988270098005121781418FB19C2290273D
:10BB500080E0FF903044EFF0FD7E1F7FCAC262128A
:10BB6000810A7182E94A601912963FFF903044E0E1
:10BB7000B5070E718271B312448B91C1E490280213
:10BB8000F0229027EE0212D0FFE5522401FDE433AB
:10BB9000FCC3EF9DEC22EF120EFF902F482290275E
:10BBA000BBE075F016A422902891F0902833740120
:10BBB000F0A322902F631212D9911E8A838982D317
:10BBC00074C09582742B95835053911E8A83898209
:10BBD00074DB9582742B95834043911EB182C3E43C
:10BBE00012184F40067C007D018009911EC3B1826E
:10BBF0007C007D1C120F9AAE04AF05902F66EFF00B
:10BC00007B017A2B79DC04FD129FCEEF600F7B0164
:10BC10007A2B79DC902F66E004FD12A38B22902F03
:10BC2000630212D0F1E6200C0281A9E536607A6544
:10BC3000356076E536654F607071AB740DF0E535B3
:10BC40007007902863E0FF8002AF35902835EF122F
:10BC5000F72DE533640360231297E31297DC7A280B
:10BC600079367F037E0012A95090286412D5C01245
:10BC700097DC7A28793912A9508002B18B301A21C9
:10BC800091ACE94A70139028021285C7902864E0AD
:10BC900004129882600B7F01221297D1718212A93F
:10BCA00050902835E0FF1281537F00229027EE123A
:10BCB00012D071B3902864E004FF902802F012F6CD
:10BCC000449027EE0212D9C23812E7D1C260129B0B
:10BCD000F4C23720040312F2DD718271B312448B77
:10BCE00091C112EF78E490285FF0A3F07E267F5098
:10BCF000121E3A8F307E267FA9121E3AEF6005D3BE
:10BD000094E840027F018F347E267FA8121E3AEF0E
:10BD100013B3920CEFA2E19203A2E39210A2E2927B
:10BD200017301702D20C12449412AFF6F1EFAF4F56
:10BD3000F118EF700812D244AF4F12EBE87E1F7F6C
:10BD4000C9121E3A8F36E536B54F0820040E12EFA1
:10BD500085800920040690289B7481F020040AE461
:10BD600012D9E0D205B1AEB19C12B7E912A6961273
:10BD7000E0E09027977401F0E4A3F0902780F0F5BD
:10BD80003522E994C0FFEA942BFE2271AB740D5169
:10BD9000147D077C00E4FF02A827B1AEC202E49044
:10BDA0002891F0C24D12004612E40FC2092212F689
:10BDB000E6E49027FCF0902891F09027FEF0F5370C
:10BDC00030050BC20EC205902892F012E577C20032
:10BDD000C21522E536B54F037F0022E536601230EA
:10BDE0000C0330170C9027FCE07006902891E0605F
:10BDF000037F00229027BEEEF0A3EF71AA7410F12A
:10BE0000DE9027FC7402F0D2231285C812F2D3F020
:10BE1000A37409F0A37466129891700B9027BEF07A
:10BE2000A3F0B19A7F00227F0122903049EFF020E9
:10BE30000B05E4902892F012E56C30170EE536659C
:10BE40004F6008903049E064016015903049E0B4DB
:10BE50000107E533B40202F174903049E0FF80320B
:10BE6000300B0E902892E0B5360712448BE4FF8029
:10BE70000E7E0A7FBFB1D3EF7007FBFAF97F01F1A5
:10BE80003022A3E0FF7401120EAA8F828E83A3A337
:10BE9000A322300B07EF64016002C20B9027C0EFB2
:10BEA000F06072E5336402705F902892E0FF6046B4
:10BEB000F118EF7041F535F1E612D35F753201905C
:10BEC00028917406F07B0112F6EFAF4F12A2B990E1
:10BED0002863E0FF12F70C7D1D12CAC3301703124E
:10BEE00020089124EF700912D9DCE4FDFCFFD12A6F
:10BEF00012448B02F724E4F532FBFAF97F0212DBDD
:10BF000021E412D9E002F7137F01121EC0E4FBFD09
:10BF10007F2502E27BC20D22EF6005D394E8400347
:10BF20007F0022EF75F005A424F6F97400021E3597
:10BF3000EF703D1244A664017039200B0312F737ED
:10BF4000200B0C902892F1CB6005E4902892F02011
:10BF50001708902892E07002F174902892E0700324
:10BF60002017047F01C1929028917412F002E5D944
:10BF700012E27622F17C902892EFF0227E1F7FC899
:10BF8000121E3A90300DEFF0BFE802E4F090300D51
:10BF9000E004F0A374E8F090300DF1CB70127E1F36
:10BFA0007FC890300DE0FD12200E90300DE0FF2292
:10BFB00090300DE004F0D394E840037401F0903029
:10BFC0000EE014F070D1FF22902893E0FFF118EFFB
:10BFD000227A281902A9507C00E4FF02A827F090D9
:10BFE0002891740AF022902892E0902863F022129F
:10BFF000D244902FB11212D912C7D312C09512C0D9
:10C000009B902FB1123ACA7402120EFF12C095749F
:10C0100001120EFF902FB112383B7401120EFF90E7
:10C02000280EE0FF7E0030E0027E80EE4453FE905A
:10C030002FB1123A9412450AEF7F0030E1027F805F
:10C04000EF4416FF902FB11297BFF9E43AFAEF12BE
:10C050000EFF902FB112181F7401120EFF9028705E
:10C06000E0D3942340037423F0902870E0FE24086A
:10C07000A3F0AF061195E92408F9E43AFAC003C029
:10C0800002C0019027B81212D01297DCD001D00262
:10C09000D00302A950902FB10212D0902FAE1212ED
:10C0A000D9902FAE12AF4B902CEF1212D97B017AA0
:10C0B0002779B8902CF21212D97A287970902CF541
:10C0C0001212D97A28790E020D26902EE81212D972
:10C0D000902EEBEDF0A3E030E40B311D7401F01273
:10C0E000A783500122902EECE030E50B311D740245
:10C0F000F012A783500122902EECE030E60B311DA8
:10C100007403F012A783500122902EECE030E70B6D
:10C11000311D7404F012A783500122C322902EE82F
:10C120001212D0902EEBE0FD902E9722902E5112FD
:10C1300012D9902E54EDF0A3E024FE600A1470177B
:10C14000E4902E57F080207D03317C5008902E57CC
:10C150007440F08012C3227D02317C5008902E572B
:10C160007460F08002C322902E511212D0902E548F
:10C17000E0FD902E57E0902EECF001CA902E56E094
:10C18000FF02A4FA902CE0EFF0902CE21212D9906A
:10C19000297AE0700B9029187403F0E490291DF0BF
:10C1A000ED601490291AE0FF90291DE0FE04F0EEE6
:10C1B000C39F40037F0022902CE012A4F34007515C
:10C1C0003D40037F0022902CE0E0FF902CE512120E
:10C1D000D0902D931212D9902CE21212D0516A8F66
:10C1E00052E5526043902CE512AFCEFD902918E045
:10C1F000902E55F0902CE0E0902E56F0902CE2120C
:10C2000012D0312C5008902CEB7401F08027902C28
:10C21000E0129DB460047F028005902918E0FF9031
:10C220002CE81244B6AF5222E490297AF0513DE452
:10C2300033902CEBF0902CEBE0708BFF22902CE0F5
:10C24000E0FDAF4F902FFDEFF0A3EDF0902918E047
:10C2500014F0D394004011902FFD12A4F350ED90F0
:10C260002FFE12A4F350E522C322902D8F1244E436
:10C27000E4902D96F0A3F0F19312A7C1AD4F129F59
:10C28000CEEF6008902D977401F08005AF4F12A794
:10C29000C990297AE0702E902958E090297AF09080
:10C2A0002959E090297BF090295AE090297CF09060
:10C2B000295BE090297DF012A769D240C241E49049
:10C2C000289FF0A3F09028A0E0FFB4010E90291B56
:10C2D000E06008902D967401F0802220401FEFC38B
:10C2E0009402500690291BE0700771DA4003740134
:10C2F000F071E4700261ADE49028A071D230404F3B
:10C30000902D96E06004E4F08011902D8FE0FF12F4
:10C31000A53B90289FEFF0E4A371D290289FE0FF07
:10C32000F4600C71EF60089028A0E004F061BD900B
:10C3300028BE918171CB5002806B90289FE0F470F1
:10C34000BFC24090297AE0902958F090289FF09041
:10C350002D8FE0FE90289FE0FF6E603912BF18EF2E
:10C360006033F19D90289F129FE5602990289FE0FF
:10C37000FF12E050EF701E90289FE0FF71EF6015F4
:10C3800090289FE0902958F09028A0E004F0E490D5
:10C390002D96F0802871DA40037401F09028BE9148
:10C3A0008171CB5004F1CC800471E470A2D2409032
:10C3B0002D97E07005AF4F12A6907F0022902D9729
:10C3C000E07005AF4F12A6907F0122C3E49F740175
:10C3D0009E22F090291BF0A3F02290289FE004F009
:10C3E000D395342290297AE0FF90289FE06F229025
:10C3F0002D8FE0FDA31212D0902D3E1212D9902D58
:10C40000931212D09109EFF422902D39EFF0902D74
:10C410003B1212D9E4902D42F0D25D902D41EDF007
:10C420007F04EFF46055902D3E1212D0902D39E02C
:10C43000FD902D41E0902DC8F0A25D925C129DBC54
:10C44000C25D902D42E0FEEFD39E4002EFF0EFB4CC
:10C450000110902D42E0902D3B1244B5902D42E00A
:10C46000FF22902D3E1212D0EF7C0029F9EC1245EC
:10C470008FFA120E40902D41F080A77FFF22902866
:10C480009CE0FEA3E0FFAD07AC06F184C3EF9DEE98
:10C490009C4008EF9DFFEE9CFE8013EDF4FDECF454
:10C4A000FCED2401FDE43CFCED2FFFEC3EFE227F81
:10C4B000437D4412F3A2E54314700312F3E3E4F561
:10C4C00042E54275F060A4244DF9742635F0FA7BFC
:10C4D0000190270D1245AC24FE601524FE60151452
:10C4E00060161460171460182406706ED19B806A61
:10C4F000F1538066B17A8062D124805EF169805AFE
:10C50000B174E9241EF11445F06047E5436404600A
:10C510000AB174E92401129642F544B174E9240980
:10C52000F114FFAEF09186B1741244AD12CAB3C0DB
:10C5300003C002C001B174E9241EF114F58285F034
:10C5400083D001D002D003AF44121410B174E912A9
:10C55000F744B174E4120EFFC2340542E542C394BD
:10C5600002500281C1E5416009FD7F0112F34CE4F4
:10C57000F54122FF90270D0212D0E5436002C1234E
:10C58000B174E9240412964290270D30E614F100AC
:10C59000E475F06412105FB1747406120EFFC220CD
:10C5A00080321245601296424420B173E92429F981
:10C5B000E43AFAEF120EFFB1741245A0B1741245BD
:10C5C000D412A827B1747405120EFFB174F10312CE
:10C5D000466FD22090270D12963CFF90270D1297A0
:10C5E000BF129642FDB1741245FEC003C002C001E5
:10C5F000B174E9240612964290044DF0B174E92416
:10C600000412964290044EF0A3740AF0A374F1F061
:10C61000D001D002D003120BD2EF7007B1747407AF
:10C62000120EFF22E54324FD6051146013240370B1
:10C6300069F11B5065C233B17412383E74018050E9
:10C64000B1741244ADC003C002C0017B017A2779E6
:10C650005A1297DCD001D002D0037F1312A950B137
:10C6600074E9240412964220E0028027901215E01B
:10C67000B173F14BEF120EFFD2332290270D1297B8
:10C68000BF129642B54413901215E0B173F14BEF0F
:10C69000120EFFB1747407120EFF22B174E4120E71
:10C6A000FFB174E92405129642146003047050B17E
:10C6B00074E9242C129642540F903052F090270DBA
:10C6C000602E1212D0E9242B129642FF122F4CEF4B
:10C6D000FD903052E014F075F064A42419FFE435A5
:10C6E000F0CF2DCF3400FEB174F103EE8FF0800552
:10C6F000F100E4F5F012105FB1747402120EFF2223
:10C700001212D0E92407F9E43AFA22902F5F1212AC
:10C71000D0E924DCF9E43AFA020FFCB174E9240709
:10C72000F114FFAEF0AD447C00D39DEE9C4009EFC8
:10C730009DFFEE9C8FF08003E4F5F012105FB17462
:10C74000E92407F11445F024FFB322E92413F9E4A6
:10C750003AFA22E543147010F11B500C203409D230
:10C7600034B1747404120EFF22E54324FD600D14ED
:10C77000600A2403700DF11B50098000B174740726
:10C78000120EFF22A2AD925BC2ADAF4CAE4BA25BCC
:10C7900092AD22F1849028BEEEF0A3EF227B017AC5
:10C7A00029791E2290303CEFF0FDF19D12A38B9071
:10C7B000303CE0FFE4FEEE12A5BDE0B50708EE1246
:10C7C000A5BDE4F0A3F00EEEB40AEB229029797433
:10C7D00001F0227D2BE4FF02A827F19DAD0702A7FF
:10C7E000CD902F5B1244E412C93D1297B5E94AC3BC
:10C7F0006001D3400302C8D912C8E15016E0FF948B
:10C8000004500280027F041297B5E9124503129783
:10C81000DC311D902C1112181F31261297B4E92417
:10C82000DF129642902C1F1297B4E924E812964228
:10C83000902C251297B4E924E9129642902C2612E6
:10C8400097B4E924EA129642902C271297B4E9246F
:10C85000E6129642902C1D1297B4E924E7129642F4
:10C86000902C1E1297B4E924EB12C714312F1297A3
:10C87000B43119E4902C141297B412C71145F0602A
:10C880004F902F5BE0602BA31212D01297DC7A2C12
:10C89000791812AFC511DAC003C002C0011297B5F2
:10C8A00012C711F58285F083D001D002D003E4FFD6
:10C8B000801B11DAC003C002C0011297B512C71164
:10C8C000F58285F083D001D002D0037F01121410CD
:10C8D00012448B902C111212D9227B017A2C7915DB
:10C8E0002211EC902C17EFF0E4C39F22902FD51269
:10C8F00012D9311124B712964230E712540FFFBFFC
:10C90000010C311124BC129642C4540FFF227F0047
:10C9100022902FD51212D0E922E4020EFF7B017A79
:10C920002C792002A950120FFC5467902C2422FF6E
:10C93000AEF012C486902C15EEF0A3EF2211DA7D32
:10C9400013E4FF12A8277B017A2C79187D057F7FDD
:10C9500002A827022B75022B7B902E361212D9AE1D
:10C96000071FEE6023902E3912AFCEFE902E3612A6
:10C97000AFCE6E60037F0122902E37E41217EA904B
:10C980002E3AE41217EA80D77F00229004CC1212CC
:10C99000D99004CC12AFCE540F120EFF9004CC12DB
:10C9A00012D0E924E8124650020EAA902D981236B1
:10C9B000FD1212D9902D9DE0D3942F400241A47115
:10C9C0005B8F42EFC39402400241A4902D98E0B4E3
:10C9D000FF03E54FF012F77F7401120EFF12AF064E
:10C9E00012383FE4120EFF902D98E012AF05242478
:10C9F000F9E43AFAEF120EFF12AF052402F9E43A15
:10CA0000FAEF120EFF902D99E012AF052428F9E4F9
:10CA10003AFAEF120EFFFF9027101297BFF9E43A8F
:10CA2000FAEF120EFF902D9EE01246D912AF0612B9
:10CA30003ACEEE120EFFEF540FFF90271012181F80
:10CA4000EF51A7FF6028902D9A51BC602112AF06CC
:10CA50002431F9E43AFAC003C002C001902D9A12C1
:10CA600012D01297DCD001D002D00312A95012AF1D
:10CA700006242BF9E43AFA74FA51A7241112AF05EF
:10CA800012AF4FEF120EFF902D9FE0FEA3E012AF0A
:10CA900005241E51AF12C78412AF06240951AFE519
:10CAA0004204FF227F0022120EFF902D9DE022F90A
:10CAB000E43AFAEE8FF002105F902F381212D0EAAB
:10CAC000494B22902F371244E451B96014EDC394BE
:10CAD0001D500E902F381212D0E92D12465E0D8097
:10CAE000ECE4F552E552C39534505851B9601490B6
:10CAF0002F381212D0E55204FD129FCEEF6004D2FF
:10CB0000D58002C2D5E55275F01DA42480F97405C4
:10CB1000902F37F1DDA2D5926212810AE54F14659C
:10CB200052701C902F37E0FFF1E5501312C79D9013
:10CB30002F37E0FD30D50512A7CD800312A38B055A
:10CB40005280A1121781902F3712F76FA31212D0C3
:10CB500012B06212B75AD2D5A2D522E4FFEF12F872
:10CB60001BE060050FEFB402F422903013ECF0A349
:10CB7000EDF090272B7401F0A37422F0A3EFF0E402
:10CB8000A3F07B017A27792B902D9D7404F0E4A308
:10CB9000F0903013E0FFA3E0CF1246D17DFFAF4FFE
:10CBA00021AB902FC31212D9902FC312AFCEFF64C6
:10CBB000226005EF6423703130051BE924011296D1
:10CBC00042FF12A29812453571F4600AD21371EA3D
:10CBD00012964212E6E071EA129642FF7D02129826
:10CBE000A112BDAEE49027C0F022902FC31212D044
:10CBF000E92401227A2879747F1D3159EF2290307F
:10CC000019EEF0A3EFF0AA06F97B01C002C0017A89
:10CC1000077939124535D001D0027F043159EF70C0
:10CC200002D32290301912B657A3E0FD8F828E8373
:10CC3000E04DFF903019F1D1A3A3E04FFF9148A33D
:10CC4000E04FC37001D322E08D828C83A3A3229096
:10CC50003003ECF0A3EDF0E4FEEF6050D394E85025
:10CC60004B7DFF91B9AE07EE6042902B9EE0FF90A6
:10CC70003003F1D1EFF0902B9FE08D828C83A3F0F5
:10CC8000902BA09147F0902BA19147A3F0902BA25D
:10CC9000E0FF91AFEFF091AFE05407F08D828C830D
:10CCA000E0B4FE0890300312B7BBE4F0AF0622ED0B
:10CCB0002404F582E43CF58322902F97EDF0902F29
:10CCC00096EFF0E4902B98F0EF7002A18E902F96E3
:10CCD000E0FFD394E84002A18E12E368902F98EF12
:10CCE000F0E4902B9EF0902F97E030E424A3E060D6
:10CCF00020902F9612201EB1949F500674E8C39F77
:10CD00005004EFB4FE0B902B987410F0902F96F116
:10CD100033902B98E07077902F97E030E033B19C00
:10CD20006006902F98E06007902F96B1BD80059027
:10CD30002F96F12835F0FAAE0212202BB1949F50B5
:10CD40000674E8C39F5004EFB4FE06902B9874015C
:10CD5000F0902B98E07037902F98E07031902F97DB
:10CD6000E030E12AB19C902F967004F1288002B146
:10CD7000BD35F0FAAE0212202BB1949F500674E834
:10CD8000C39F5004EFB4FE06902B987402F0902BD2
:10CD900098E0FF22902B9EE0FFE4C322902F96E0C4
:10CDA000FFB1A5EF22F1B9F162E0FEEF5407FFEE0B
:10CDB000A807088002C313D8FC5401FF22E075F0D5
:10CDC00005A424A6F9742622902F91EDF0902F90BF
:10CDD000EFF0E4902F92F012E368EF5401FF902FF0
:10CDE00092E054FE4FF0902F90B19F540125E02522
:10CDF000E0FF902F92E054FB4FF0902F91E06410F1
:10CE0000706AA3E020E04330E23612201B902B9E94
:10CE1000E0FF602A902B9AE0FE902B9FE06EFE9040
:10CE20002B99E0FDEF6D4EF1966E4F6013902F90B1
:10CE3000B1BD1246927A2B799E1221908002F1C9DF
:10CE4000902F90E0FF7D0112E394902F92E020E27A
:10CE50000C902F90F133902F92E04404F0902F9299
:10CE6000E04401F04480F0122178E121902F91E01C
:10CE700064016002E121902F90B1BD122028902B17
:10CE80009EE0FD7009902F92E04420F0800DF18526
:10CE90006E4F7007902F92E04408F012201B902BE9
:10CEA0009EE0FD7004F1C9800DF1856E4F70079012
:10CEB0002F92E04410F0902F92E0FF30E20330E632
:10CEC00004EF30E526EF20E41920E30A902F90B11B
:10CED000BD122185F1C1902F92E030E23620E0337F
:10CEE000802E902F92E020E22A8025902F92E02041
:10CEF000E31420E01120E405122178F1C1902F9273
:10CF0000E020E20F800A902F92E030E20620E0035A
:10CF10004402F0902F92E030E107902F90E0FFF173
:10CF2000767B017A2F799222E075F005A4242EF900
:10CF3000742B22E0FF7D01F1B9FEF162E0FCED60AF
:10CF40000CF16C8002C333D8FC4CFC800BF16C807C
:10CF500002C333D8FCF45CFC74A32EF164ECF0AF94
:10CF6000052224A3F582E4342BF58322EF5407FB3A
:10CF70007401A8030822AC07B1A5EF7D0070027D03
:10CF800001AF0480B2902B9AE0FF902B9FE06FFFDF
:10CF9000902B99E06D4FFF902B9BE0FE902BA0E033
:10CFA0006E4FFF902B9CE0FE902BA1E06E4FFF9008
:10CFB0002B9DE0FE902BA2E0221FEF131313541FB2
:10CFC00022902F92E04480F022902F92E04440F093
:10CFD00022E0FCA3E0FDF5828C8322218B35F0FE5C
:10CFE000AF01E0FD2212A6A8EF54C064C0D36001D7
:10CFF000C322902EE31212D9E4902EE6F0A3F02083
:10D000006702C322902EE61222D2EE9440501812EC
:10D01000448B12B0627420F0122199902EE6E475D0
:10D02000F020120FD080DD7E007F08902EE31212D8
:10D03000D012B0621227C2D322902DBDECF0A3ED26
:10D04000F0AB07A312122AEB312B121287116D12CB
:10D050001287902DC3E0FFEB310DEFF0902DBDE076
:10D06000FEA3E0FFEB311DEEF0A3EFF022EB75F035
:10D070000CA42441F582E4342AF58322E490303B69
:10D08000F0D3900001E09400900000E09400407A1A
:10D0900090303BE0FF04F0EF9405506E9000007478
:10D0A000FFF5F0120FD0E4F551E551C3940E50D1C5
:10D0B000E551116E71CF604EE551116E74FF121281
:10D0C00054B1B77041310BE0FF6008F46005310BDB
:10D0D000E014F0310BE06010E551312B12122AE51B
:10D0E00051116E1212878006E5519148E4F0311B10
:10D0F000E0FEA3E04E600C311BE0FEA3E0AA06F9BF
:10D1000012140C1217810551809F22E55175F00C05
:10D11000A4244BF582E4342AF58322E55175F00C02
:10D12000A42449F582E4342AF5832275F00CA42462
:10D1300045F582E4342AF58322AB07E4FA1BEBC3FE
:10D14000940E500DEB312B71CF6006116D121287CA
:10D150000AAF0222AB07E4FF1BEBC3940E501AEB9D
:10D16000312B12129300000000116D121293000077
:10D170000000EB9148E4F07F0122902F4B1212D96E
:10D18000902894E0902F4EF0300C09514B7D23E411
:10D19000FF12A827902F4B1297BF129642FF20E252
:10D1A000454404120EFF902F4B1212D01297DC51FF
:10D1B000447F06F14F1297E2F146902894E0240252
:10D1C000F0515AE434FFFED3EF9400EE9400406136
:10D1D000515240037429F0515A902F4B12AF4B1209
:10D1E00097DC514B8048902F4EE0D3942B40037432
:10D1F0002BF0902F4EE0FF902F4B1212D01297DCA5
:10D200005144F13E20E12A1297E312A8F3902894AA
:10D21000E004F0902F4EE0B42B0214F0902F4EE07B
:10D2200024FBFF902F4B123ACA1297DCB1C812A907
:10D2300050902894E024F8FFE434FFFE515240035C
:10D24000742BF0227B017A2779C2227B017A27791D
:10D25000CA22D3EF9423EE940022902F4EE024FABA
:10D26000FF22F9E43AAD01902F94F0A3EDF02042B3
:10D2700056EF6053D394E8504EB1AA902F9412B752
:10D28000BBE0540FFE602B9404503CE4FDAC061E42
:10D29000EC6025902F94E475F001305F0A51C8AB23
:10D2A000050D74992B800551C874992E9156ECF098
:10D2B00080DB902B9974FEF09003B6E0902B9DF0EC
:10D2C0007D0112CDC8D24222120FD0902F94E0FAE5
:10D2D000A3E0F5828A83E0FC22903047EFF05144CE
:10D2E00012C7D3903047E0B1C7902CCB1212D97A35
:10D2F00027798C902CCE1212D97A287966902CD16D
:10D300001212D97A287901120D2B9027C77404F0D4
:10D310009027C47413F0902801E0FD30E0079027B7
:10D32000C4E04480F0ED7F0030E1027F80EF4404F0
:10D330009027C5F0A37401F0902866E0D3942340B1
:10D34000037423F0902866E0FE2408902869F0AF6B
:10D350000690278C1212D01297DC514B02A950E490
:10D36000FF51D9902871E0902894F0902863E0FF55
:10D37000514412EBE812B7ED902863E0FD12A7CDFF
:10D380007E267F8B902863E0FDD26202810A903076
:10D390000BEFF0E4A3F0EFD394E8502D129F9F30F1
:10D3A000E11690300B12A6A290300C30E705740203
:10D3B000F080167401F08011129F9F90300C30E3C2
:10D3C000057404F080037403F090300CE0FF221227
:10D3D000122AEC4D4E4F22902D7DEEF0A3EFF090EF
:10D3E0002D8474FFF0902D7F71CF6054902D857443
:10D3F00004F0902D85E0FFC3940E5044EF116EB100
:10D40000B47035902D8591467405F0C007902D7F3E
:10D4100012122A902DBF121287902D83E0902DC3F7
:10D42000F0902D7DE0FCA3E0FDD0071139902D8513
:10D43000E004902D84F08008902D85E004F080B207
:10D44000902D84E0FF22E0FF75F00CA4244CF582BF
:10D45000E4342AF58322F582E4342BF58322902EDE
:10D46000991236FDEAF0A3EBF0304202A187304377
:10D4700002A1879003B6E0B4010CB188240512A77D
:10D480002C20E702A187902E99E07002A187D39407
:10D49000E84002A187B1AAB188240512A72C20E791
:10D4A00002A14B902E9BA3E0240BF9E43EFEAF01BA
:10D4B000B199240AB192C4540F902E9DF0D39404D4
:10D4C0004002A187B1997B012409B19220E01BB1F0
:10D4D000A1603B8F828E83E0FD902E9DE024999188
:10D4E00056EDF00FBF00010E80E5E4902E9EF0B1E6
:10D4F000A1601B8F828E83E0FD902E9EE0FC04F0E5
:10D5000074992C9156EDF00FBF00010E80E1129F2F
:10D5100061902E9EEFF0605A9003B6E06401605275
:10D52000B188240A12A72CC4540F2498F582E4343D
:10D530002BF583129FA230E441902E9EE05460FFB1
:10D54000BF20047F2080267F408022902B9974FE8C
:10D55000F0E4902B9DF0129F61902E9EEFF06012F0
:10D56000E05460FFBF20047F2080027F40EF440230
:10D5700080049003B6E0902B9DF0902E99E0FFA3DD
:10D58000E0FD12CDC8D24222902E9BE0FEA3E07BAC
:10D590000122F9E43CFA020E40902E9BE0FCA3E04D
:10D5A00022902E9DE0FD14F0ED22E4902B9AF0A342
:10D5B000F0A3F02212122AE4FBFAF9F8C30211D9FF
:10D5C000E0FF14F0EF24FAFF7B017A2779C822905C
:10D5D0002EEEEDF0A3EBF0902EEDEFF06007E0FF04
:10D5E00012AF195052902EEFE030E502D223902E68
:10D5F000EDE0FF51D9902869E0902864F0B1C012A5
:10D6000097DC7A271912A9509027C27401F0A3F071
:10D61000902EEFE05437FFF0902EEDE0FD514412D4
:10D6200085CE902864124689902EF0D147902EEE38
:10D63000E0FBE4FF020BD77F002290045B7404F050
:10D64000A37411F0902FACE0FFA3E090045DCFF045
:10D65000A3EFF022902F3F1236FDEAF0A3EBF01279
:10D66000BFEF300A0A902C38E030E403754FEF909A
:10D670002F40E05437F030E502D223902F40E054A1
:10D68000DFF0301C14C21C51441285CED1B4902F4F
:10D6900041D147D1AC7F02801051441285CED1B424
:10D6A000902F41D147D1ACE4FF020BD7902F3FE040
:10D6B000FBAD4F22902871E090045BF0902F40E08A
:10D6C00090045CF0227D01AF37300C53ED6017E41D
:10D6D000FEF12DE0B50709F12DE4F0F120E4F02290
:10D6E0000EEEB405EC22902782E0FDE4FCFEF12D65
:10D6F000E0B5070EF120E0C394FF5023F120E004D1
:10D70000F022F120E0FBEDD39B4004AD03AC060E0C
:10D71000EEB405DAECF12EEFF0ECF1217401F02219
:10D72000EE25E02482F582E43427F58322EE25E01D
:10D730002481F582E43427F583222139215412A96A
:10D74000509027C5E02212A8F3E49027C9F02212D6
:10D75000A9509027C7E0A322903017EFF0654F70D3
:10D7600002E1F9E0FF12AF195002E1F9E49030183C
:10D77000F0903018E0FFC394025068EF12F7C7E052
:10D78000FEA3E04E604C903018E075F060A4245683
:10D79000F582E43426F58312C481903018E0FD75DB
:10D7A000F060A42458F582E43426F583EEF0A3EF6C
:10D7B000F0ED75F060A42458F9742635F0FA7B0179
:10D7C00012F7C312B5FC7F0112141012F7C3E4F074
:10D7D000A3F0903018E012F81BE4F0903018E00449
:10D7E000F0808EC234903017E0B4FE0D7FFE12F44C
:10D7F0000F12F40676070876D022E4FEEFC3940EEB
:10D800005013EF12D448E05D7C00B505027C01ECBA
:10D810002EFE0F80E7AF06227D02E4FF80DC7D0153
:10D820007F0412D7FAAB071118EF2BFF22E4FD7F1C
:10D830000480C77B017A287932902F8D1212D990FB
:10D840002F8D12AFCEFF12D154902F8D1212D0E433
:10D85000020EFF113312448BAF3712EBE81217811F
:10D86000AF3712BB5312448BE4902EC8F0AD377F14
:10D8700020120D309027FCE0B403057F0312E5B2BF
:10D8800022902E46ECF0A3EDF0902E431212D91107
:10D8900039902E46E0FEA3E0A31236D112B84C9088
:10D8A0002E431244B6902E4312AFCEB4FF04E412BE
:10D8B0000EFF902E4312AFCEFF2290304AEDF0645F
:10D8C000016006E07047302944902C38E030E47B5A
:10D8D000C229D203D210D20C3028163153124494EC
:10D8E00012AFF67E1F7FC8AD3412200E7F11020CDE
:10D8F00045E54F6008C210A217920C8004C203C213
:10D900001731537F11120C4512E0E0803E90304AEF
:10D91000E07010902C38E030E431D2117F10120CFE
:10D920004580289027FCE0602212BDAE90304AE08E
:10D93000FF64026004EFB40302519B9027BEF1E83C
:10D94000600990304AE024FE1245BFC260129BF489
:10D95000C2372212F262AD077E267FA802200EEFA8
:10D96000B53606E41297F9315322902FB5ECF0A3A7
:10D97000EDF0902FB4EFF0C20E24FF9206BF01032A
:10D98000D38001C39219300A0612449212AFF69066
:10D990002FB4E0602731D57F05120C77201917903E
:10D9A0002FB4E024FD600904702A754001C23122C1
:10D9B000754002C23122E4F540C23122E5406401E3
:10D9C0006005E540B40203E4F540C20DE4FDFC7FD0
:10D9D00003120C7722A3E0FCA3E0FD22902891F033
:10D9E000FDFC7F05902FB8ECF0A3EDF0902FB7EF82
:10D9F000F0E4902865F0EFC330E701D39225902F33
:10DA0000B7E0FF30E607754005C2308003E4F5401B
:10DA1000EF540F902FB7F0902FB7E06405701A12F3
:10DA200044A6700F902FB8E07002A3E060057F114C
:10DA3000020C4551927F038055902FB7E0B4060643
:10DA400031D57F048048914EEF70209027F4124624
:10DA500057FBFAF9A31212D9E49027F9F0902FB8E6
:10DA60001216E6602C0BF161021410902FB7E0FF44
:10DA7000B1E8E0B4040631D57F068012902FB8B12A
:10DA8000857F0191FE4003C2222251927F01120C38
:10DA90007722902FB8E0FCA3E0FD22124607FB7A24
:10DAA00029791E12E13E02A2B97C0A7D15EF7102AE
:10DAB000A374FFF00181C242227B017A2879677C3E
:10DAC000097DBB902E4874C8F051D07002710D22B0
:10DAD000E4A3F01181EF22902891E064127022A358
:10DAE000E0600AE4902891F07F0102BE92902891B4
:10DAF0007414F07C0A7DC474C8710251D07002F1B4
:10DB000077227B017A287995902E48F022E490289C
:10DB100067F0E532B40305E4F532711D22FBFAF932
:10DB2000FFF159E532B40302804BE532B40109E557
:10DB30003364026003E4F533E5327002F533902775
:10DB4000F1E07002A3E06012902863E0FB9027F1FF
:10DB500012B5FCAD35AF32121410E532B401189095
:10DB60002863E070028006E533B40206E4F532F57E
:10DB7000332275320351B922902F44ED12EE5D909D
:10DB80002F43EFF06009E0FF12AF194002813B30F4
:10DB90000C77902F44E06402701B902F43E0706973
:10DBA000914EEF6064753302913E7C097DC57F0321
:10DBB00031E47F0122902F44E06403704C902F43A6
:10DBC000E06046914EEF6041753303913E7532013E
:10DBD000902F43E0F535AF3512EFB112448BAF35DE
:10DBE00012EBE8E4902892F09028947408F09028C2
:10DBF000917405F012BC24EF700C711D12F7139094
:10DC0000282EF0A304F07F0122300C09902F44E06D
:10DC10006003301726902F44E0FFC39402501CE5A8
:10DC2000327011902F43E0F5358F33E53360029168
:10DC30003E7F012212448BE4FF71217F0022902F4E
:10DC400045E0FFA3E09027F1CFF0A3EFF02290276B
:10DC5000FCE0700F902891E070091244A670047FD8
:10DC60000180027F0022902FBBECF0A3EDF0902FFB
:10DC7000BAEFF0C330E701D39225902FBAE0FF7ED0
:10DC80000030E6027E048E40EF540FFF902FBAF072
:10DC9000BF0511E4902865F0902FBBE0FCA3E0FDE8
:10DCA0007F038056914EEF7035902865F09027F4F1
:10DCB0007407F09027FC12E3DD7A287991A3121201
:10DCC000D91244A67F0070027F019027F9EFF090EF
:10DCD0002FBB1216E660267B01F161021410902F13
:10DCE000BBB1857F0291FE4006E4902865F022904A
:10DCF0002FBAE0FFB1E831D57F02120C7722300C49
:10DD00000BEF64016004EFB40202D322EFB4070DFD
:10DD1000E536B54F08200C05201702D322EFB408D2
:10DD200005300C02D322EF64076004EFB408047FCF
:10DD30000780027F23E4FBFD12E27BC322902FD3F6
:10DD4000ECF0A3EDF0902FD2EFF0C330E701D392C7
:10DD500025902FD2E0540FFFF0BF050631D57F0389
:10DD6000800B902FD2E0B4060731D57F04020C77E8
:10DD70007F02B1E8902FD3B1857F0791FE500590C7
:10DD80002FD3F16A22E0FFA3E09027FACFF0A3EFB0
:10DD9000F022902FD0ECF0A3EDF0902FCFEFF0C356
:10DDA00030E701D39225902FCFE0540FFFF0BF054D
:10DDB0000631D57F03800B902FCFE0B4060731D515
:10DDC0007F04020C777F02B1E8902FD0B1857F08E5
:10DDD00091FE5013E54FD394E8400512BF7C8F4F5E
:10DDE000902FD0F16AD22622D208D212EFB40203C9
:10DDF000C20822EFB40302C21222903050EFF0901A
:10DE00002891E064136002C19D903050E0FA700ADE
:10DE100012D6C5E490286AF08014EAB4010A200BF7
:10DE20000312D6C5D1D5800690286A7402F09028D6
:10DE30006AE064017067200B3A902891740EF0E557
:10DE400036602965376025E536654F601F12BD8B4A
:10DE5000902835E5371285C7740912F795F15112EC
:10DE6000989170709030507402F08031E49030508E
:10DE7000F0802A12B5F97F0312141012448B7D1D15
:10DE8000AF3712CAC3902892E537F0E4F5379028EF
:10DE900091F07F01B1E87C0A7D7E020C7790289199
:10DEA000E0640E701E903050E0AF37700512BB5327
:10DEB000800312815312448BAF3712EBE8D1D5AFF8
:10DEC00037315FE4902891F012F8CF90285F12CF9D
:10DED000D11214102290286A7401F022AB07E4904A
:10DEE000286AF0200C04E04402F0ED4C7007902802
:10DEF0006AE04404F0914EEF700790286AE0441005
:10DF0000F0AF0312F15AEF700790286AE04408F06E
:10DF100090286AE070359028917413F0E4902833CB
:10DF2000F090285FEC1246238B37C0031285C8742B
:10DF30000112B8E1F151F0D003129894700DFBFA80
:10DF4000F97F02B1FA90286A7420F090286AE0FF05
:10DF500022A3740AF0A37483227B017A28796701D3
:10DF6000397A2779F48F828E8322E0FCA3E0FD7F4B
:10DF700001120C77D22822E4902895F012F8C7609D
:10DF800004EFB4140312E2762290301B7478F07A16
:10DF900030791C7C0B7D0574FA124599A37478F0D6
:10DFA0000181120E40FF64236004EFB4240B75322C
:10DFB00001E431E0E4902863F012448BE4FF612136
:10DFC00011339027F3E014F0600E7C097D8E12F778
:10DFD0009EA374FFF002E480201A0512E443F1E2EC
:10DFE000419B74FFF002E480E0FCA3E0FD4C22E4DE
:10DFF000FFED60167E01EE600C120E405E60010FB8
:10E00000EE2EFE80F112E00BDDEA22740129F9E424
:10E010003AFA22EFC394E8502112CFBAF5821228BF
:10E0200071FEEF5407FDEEA805088002C313D8FC6B
:10E0300030E004EF04FF220F80D97F002290291ADC
:10E04000EFF0227B017A1279187D14E4FF02A827F1
:10E05000E4FEEE12A5BDE0B507037F01220EEEB48B
:10E060000AF07F0022AE07AF05AD0612CAC3E43343
:10E0700004FF2212A2A5902E4E74C0F012A2B97F06
:10E080001D90295CE06002D322A3DFF8C322AE0515
:10E090008E5212A298AD52129FCEEF24FF22D3903F
:10E0A0002C09E09F902C08E022EF24FE600E146003
:10E0B0000F1460102403700E7E10800A7E208006EC
:10E0C0007E4080027E80120E404E020EFF120E40F5
:10E0D000E4020EFF90295874013136902918F0227D
:10E0E000E490300012A7C17D1D129FBE11D412C74B
:10E0F0009D313E12A2B9902FFFE534F0902FFFE042
:10E10000FF603212BF18EF6024902FFFE0FF12CFA4
:10E11000E5400F902FFFE0FF12A7C9902FFFE0FF0F
:10E120008008902FFFE0FFB54F0312C7A4902FFF88
:10E13000E014F080C722F0A3F0A3F0A3F022902E09
:10E140004E7440F0AF4F2230063A200D37300C3479
:10E15000E54064016006E4FFFE12B7B57B017A2753
:10E16000792F12BFF2E490272B3136D20A754FEF88
:10E17000A304F0FB3187F0A3741112AFEC7DFFAF65
:10E180004F02C9AB7F00227A27792B902871E024B7
:10E1900004902D9D22640175F01DA424C0F582E435
:10E1A0003428F583E5822FF582E43583F583223028
:10E1B0000628200D25E5406402701F7B017A27792F
:10E1C0002B12BFF290272C7423F07B01318712AF02
:10E1D000ECA3F07DFFAF4F02C9AB7F0022E4FBFD53
:10E1E000516D605D12BBAB7403515AF0C21B902895
:10E1F000917401F0A3E07007902836313680151233
:10E2000027E71297DC7A2879367F0412A950301755
:10E210000312200820322F902896E0FF30E502D22A
:10E22000231285C890045B7407F0EF54DFA3516399
:10E23000902893E0FBAD4F7F01120BD7EF70078062
:10E2400006E4902891F0227E0A7F1A12B848BFFF98
:10E250000812448B7F0212818C22F0902892E09069
:10E26000283522F0A3740AF0A3746FF0227F2651A0
:10E270007B9027C0E022E4FBFD7F24902FA812367C
:10E28000FDEBF09027FA12DFE86032902FA8E03023
:10E290000E07FF8D828C8380219027F4F0902FA9A8
:10E2A00071DD7A2779C7A31212D9902FAAE090279F
:10E2B000F9F07A2779F4A312B657121410902FA808
:10E2C000E0FF6422600AEF64236005EF6424702A93
:10E2D000E4902891F0C20EC2149027C0F0902FA9AC
:10E2E000E06017902FA8E0B42210C260129BF4C225
:10E2F00037902FA9E0FF7D0F51FB22902F9CEF124A
:10E3000046B920435D902F9CE0FF7168902F9EEFEF
:10E31000F0902F9DE030E12DA3E0B401047F008058
:10E3200008902F9CE0FF12CF76EF902F9CB4010550
:10E3300012CF28800312CDBD35F0FAAE02AF011224
:10E34000448B122190902F9DE030E016A3E0B401A1
:10E3500011902F9C12CF2835F0FEAF0112448B1282
:10E360002190902F9EE0FF22EF1490304071811297
:10E370001E3A90304071E58002C313D8FC5401FF6F
:10E3800022F0E0131313541F7E0024BCF9EE342F47
:10E39000FEAF0122903001EFF0A3EDF0903001E0EC
:10E3A000147181121E3AAD07903002E06011903076
:10E3B00001E012807F8002C333D8FC4DFD801090B5
:10E3C0003001E012807F8002C333D8FCF45DFD9001
:10E3D0003001718212200E903002E0FF22E090277F
:10E3E000F5F07B0122E05407FEEFA8060822ED14A9
:10E3F000FC903042F0131313541F2FFFE43EFE1223
:10E400001E3A90304271E58002C313D8FC1322D229
:10E410001A9027807401F0902780E0FDD394E85093
:10E420001C7E1F7FCA71EE5009C21A914312DFE2AF
:10E43000800B121781902780E004F080DAE49027A7
:10E4400080F0227B017A28792C7C097D7F902E5DDB
:10E4500074C8F0A322919F700F902892E0FDB18DB7
:10E46000FB7F23517B02BDAEE49027FEF07B017A57
:10E470002779FD7C097D5C902E5D74FEF0A304F08D
:10E48000902E5DE0902E48F0902E5EE0902E49F0A8
:10E4900012D881EF700312BDAE22E49027EDF07F19
:10E4A0000191DBEF2291689027FDE0700B9027BE71
:10E4B0001216E66003122E3E229027FCE0B4051AE5
:10E4C000EF700991A59027FC7406F0229027BE12E8
:10E4D00016E66003122E8212BDAE2290304EEFF08F
:10E4E000BF011590282D7401F0FB7A2879A17D1DBC
:10E4F000129FBEE4902919F090282DE0D394055086
:10E500001E90304EE0FF12A181EFB4FE037F002287
:10E51000EFB401037F012290282DE004F080D97F21
:10E52000002290304CEFF0300C3312DC4EEF602DB7
:10E53000B16C9027C07402F09028967405F090306A
:10E540004CE0FF1297E312BA1CD20ED21490304C5A
:10E55000E0902892F0919A24FF920E80037F00228F
:10E56000200E03E4B177A20EE433FF22AF0590271B
:10E57000FAECF0A3EFF0229027FAF0A3F09027C076
:10E58000F022902892E0FD7B017A2779C7902894A9
:10E59000E024FB229027FCE0B40216EF7005740320
:10E5A000F081A512BD9A9027BE1216E66003122EC6
:10E5B0003E22740A12BBA77407F0A3EFF091A512D4
:10E5C00085C8B1D1740512AFECAB36AD4FFF020B6D
:10E5D000D790045B7403F0A32212BBAB7419F0A3B1
:10E5E0007401F0FB1285CAB1D17405F0A3740AF06E
:10E5F000A374C91298917008FBFAF97F0212DAD756
:10E600002212BBAB7417F0EF7006A37405F08006FE
:10E610009028357404F01285C8B1D17405F0A37444
:10E620000AF0A3743312A17A129894700312BDAE4B
:10E6300022903041EFF09027FCE0B4090E90304179
:10E64000E0701B9027FC7408F080139027FCE0B466
:10E650000A0E903041E070069027FC7407F091A5F7
:10E66000300104C261D16822A2619261D193D1A22A
:10E67000121E3A9027BBEFF06012E0FFD394405097
:10E680000BEFB530047D02800502B8EA7D06AF3796
:10E690000298A17E007467253722902FA2E07E00A9
:10E6A0002467F9EE3425FEAF0122902CA6E0FF8FFF
:10E6B00031E536654F7028FE74672FD1A2121E3ADD
:10E6C000E53064016006E53014FE80027E40EFB55F
:10E6D000060D7E0074672531D1A2AD3012200E22C6
:10E6E000FFE4FB7D03902FA21236FDEBF0E53665CB
:10E6F0004F60179027C5E020E102E1B8D19AA3E06E
:10E700007D00B401027DFF02200E30132C53303FF8
:10E7100005307E267F50AD30F1B924D2F9741F3513
:10E72000F0FEAF01902FA2E0FDF1B924D3F9741FE0
:10E73000902FA312CFDD12200E902FA3E064036070
:10E74000459027C5E030E107D19AAD3012200E3058
:10E750001334902FA4E0D3941440037414F0902F3A
:10E76000A4E0FFC374149FFD74CA2F12A81EF1BC4D
:10E7700024D4F9741F35F0FEAF0112D24B12B062EF
:10E780007414F012219930132AE4F531E531C39560
:10E7900034501DF1C3121E3AEFB53010902FA2E095
:10E7A0001465316007F1C37DFF12200E053180DC56
:10E7B000121781E49027FCF02212200EE53075F04C
:10E7C00016A4227E0074682531F9EE3425FEAF01CF
:10E7D000227E2F7FBB121E3AEF644A602D7E2B7F74
:10E7E0003312448B902E097404F0A37488F0122124
:10E7F000997E2F7FBC12448B12B06212B75A7E2FC3
:10E800007FBB7D4A12200E7F00227F0122902F992C
:10E810001212D9EF6069D394E8506412CCB9EF605A
:10E820005E902F9912181F120FFC54981244CE12AA
:10E830000FFCFF902BA2E054671244CBE4FF118A37
:10E84000601AEFC394045014118AFE11821245031A
:10E85000EF7C0029F9EC12450C0F80E2118224BDF7
:10E86000129642B4FE05E4120EFFFFEFC454F0FF0F
:10E87000118224BCF9E43AFAEF120EFF7F01227FE5
:10E880000022902F991212D0E922749E2FF582E473
:10E89000342BF583E022902FA0ECF0A3EDF0902F25
:10E8A0009FEFF07002213AE0FFD394E84002213A52
:10E8B00012D9D54C607812CCAFE05407F0D2651273
:10E8C0009F68EF601C5460FFBF20047F2080027FA0
:10E8D00040EF4402FF902FA0E0FCA3E012CCB0EF89
:10E8E000F0902FA012B5FCE0700374FEF0902FA002
:10E8F00012B657E0902B99122BB0E0902B9AF09023
:10E900002FA012B5FEA3A3E0902B9BF012BE8AE0CD
:10E91000902B9CF0902FA0A3E02404124700902B92
:10E920009DF0902F9FE0FF7D1012CDC8800A902FA0
:10E930009FE0FFE4FD12E394D322C32212448BE450
:10E94000902EC8F0AD367F10020D30E49004D971DE
:10E950003175F0EDE55351A554F064407002415A11
:10E96000E4FE75F0EDEE51A5FDB401099004DAEE78
:10E97000F0E4FF8022EDB4020B9004DAE0B4FF046F
:10E98000EEF0800E75F0EDEE51A554F0FDBD800265
:10E990007F010EEEB404CBEF60069004DA74FFF052
:10E9A0009004DAE0F47002415A1230365002415AB3
:10E9B000E51530E102415A9004DAE090000551ADCE
:10E9C000E030E40E75F0EDEF9000071212C4E05451
:10E9D0009FF09004DAE09000B951ADE0540FFEBE14
:10E9E000050E75F0EDEF9000BD1212C4E030E1208D
:10E9F0009004DAE0FF75F0ED9000041212C4E020FC
:10EA0000E52E75F0EDEF9000BC1212C4E0B4FF20CB
:10EA10009004DAE075F0ED9000061212C4C083C0D5
:10EA200082E04401FFA3E0D082D083CFF0A3EFF0D7
:10EA30009004DAE051B4121BB5501F9004DAE0F5EF
:10EA40005375F0ED51A54440F09004D97401F09055
:10EA500003C0F0E51530E202D322E51530E23B7F3A
:10EA600004121FF375F0EDE55351A5FF54F0644017
:10EA7000701E75F0EDE553712BEF540FF075F0ED4E
:10EA8000E55351A54480F0E55351B4120BB9800A07
:10EA9000E51530E0057F01121EC09004D9E024FF87
:10EAA0002275F0EDEF9000021212C4E022FF75F023
:10EAB000ED0212C475F0EDA42402F9740035F0FAE9
:10EAC0007B01229004D7EF7131FEFD75F0EDED5121
:10EAD000A5FC700C9004D8E0B4FF02EDF00F8006A6
:10EAE000EC30E0027E010DEDB404E09004D7E06468
:10EAF00001600DEFC394025007EE7004A374FFF0A1
:10EB00009004D8E0FFC39404501EEF51B47DEDE4AF
:10EB1000FF12A8279004D7E04410FFA3E0FE75F091
:10EB2000ED712BEFF0EE808C02448B90000202120C
:10EB3000C4F0A374FFF0E4FF227154EF7004314B72
:10EB400080F722E4FF51A160037F00220FEFB4049D
:10EB5000F47F0122E4FF51A154F0FEBE40037F0088
:10EB6000220FEFB404F07F0122902C07E029FF90E0
:10EB70002C06E03A22E4FF75F0EDEF712BE4F00F84
:10EB8000EFB404F3E4F55322C207902792E0640443
:10EB9000600312BDAE227D02AF370298A17E267FB0
:10EBA0005112448B12B062741DF00221998F31E52D
:10EBB000316033E536654F702D719D12E7BC24D26C
:10EBC000F9741F121E35EFB5311012E7BC24D3F9CA
:10EBD000741F121E35EF6401600CE4FB7D03AF313E
:10EBE00012E6E5A21322C322902F541212D9902FBD
:10EBF00053EFF070028182E0FFD394E840028182FB
:10EC0000902F541212D0E94A7057EF918412448B1E
:10EC1000122190D213902F53E0FF12448B7D1D12CE
:10EC2000CAC3902F53E0FF12C7B4902F53E0FF12D6
:10EC3000A69012E0D4E536B54F10902F53E0FF12A6
:10EC4000BB53902F53E0FF12A06D902F53E0FFE4D1
:10EC5000FB7D0212E6E5902F53E0FF7D019193804A
:10EC600015902F531245C712AF56902F53E0FF7BDC
:10EC7000237D0112E6E5902F53E0FF12CFE550020D
:10EC8000719D22E075F005A424F3F9740035F0FEBF
:10EC9000AF0122EFC3953440128F34ED6004153478
:10ECA00091AC7E267FA9AD3412200E22AF3412BF64
:10ECB00018EF7003D534F5AF34227534E880ED9049
:10ECC00027FEE004F0D3941440429027FCE0FF6458
:10ECD000056004EFB4060D9027BE1216E6602A12F6
:10ECE0002E8280259027FCE0FFC39407400DEFD3D0
:10ECF000940A50077D03AF370298A112DA9B902740
:10ED0000BE1216E66003122E3E12BDAE22903007F0
:10ED1000EFF0E4A3F0EF70562018539027F3F09033
:10ED200027F3E0FFC394055031746B2FB1A1E0FDD0
:10ED300060207A097B70AF37B1EB500E9027F3B1AA
:10ED40009EE4F090300804F0804E9030087402F099
:10ED500080469027F3E004F080C57E267F51D26282
:10ED6000AD3712810A7D02AF371298A1802AE536AD
:10ED7000601D903007E07017301814C2187C097DB0
:10ED800070AF37B1A9903008500B7401F0800912B0
:10ED9000989D9030087402F0903008E0FF22E02443
:10EDA0006BF582E43428F58322AB05AA04E4FDFC6C
:10EDB000902FC0D15C200031E536602D20152AED62
:10EDC0004C90278B7003F0800E1246E1AA06A9072B
:10EDD000FB1297DC12A94A902830E536F0D2159044
:10EDE0002FC0D13A902FC1805EC322902EAFEAF09F
:10EDF000A3EBF0E4FBFA902EABEFF0A3EDF0AF0342
:10EE0000AE02200033EF4E90278B7003F0800E741B
:10EE100001F0AA06A907FB1297DC12A94A902EACB2
:10EE2000E09028306003F08003E54FF0C215902E8B
:10EE3000ABD13A902EAF800FC322E0902831F0C2C0
:10EE40000FE49027C1F022E0FFA3E09027BCCFF0B1
:10EE5000A3EFF0D200129919D322A1B0EFF0A3EAE8
:10EE6000F0A3EBF022D21812448BE4FFA10DC007EF
:10EE7000902EA9E0FFA3E0902EAFCFF0A3EFF0D04B
:10EE800007A1F6200017E4902830F0A3EFF0D20F8E
:10EE9000E49027C1F0AF059027BCEC80B2C322906C
:10EEA0003009EFF0A3EDF07E267F5112448B12B0B3
:10EEB0006212B75A90300AE0FF903009E06F602B81
:10EEC00012A2A57D1D129FBE12A2A590300AE0FDE0
:10EED00012A7CD903009E0FF12A2A57D1D12CAC372
:10EEE000903009E0FF12C7B47F01227F00229028F2
:10EEF0002E123AC0702D90289AE004F0D39460400E
:10EF0000037401F090289AE0FF7E007C017DC2121C
:10EF10000F3390282EEEF0A3EFF012DC4EEF6003DB
:10EF200012BA6B22902831E0FDC003C002C00190EC
:10EF30002EA21212D0902D8B1212D99027C1E0FE72
:10EF40007C003016027C01EE2C902D8EF0A2639294
:10EF50003E902830E0FFD001D002D00312A39E8F54
:10EF600031E531C36001D322EFB403037F2022EFE8
:10EF70007F08B402027F10227B017A2779817D0409
:10EF8000E4FF02A82790289B7480F0301704E04427
:10EF900001F022F198029CF5E49027EDF090282DE5
:10EFA00004F0227E097FA712B848BFFF03129FEB2F
:10EFB00022903048EFF0FD12B7ED12A38B7E267F32
:10EFC0008B903048E0FDC26202810AC003C002C0DB
:10EFD0000112B7ED1297DCD001D002D0037F1D02E1
:10EFE000A950ED600674E8C39D5007E4902865F0D1
:10EFF0008005902865EDF0AC02AD0302DC66E4907C
:10F000002865F002DC661244A6700312DA9B300C0D
:10F010002DE5366029902892E065366021E5366559
:10F020004F601B9028917407F0301A0F12BBAB741D
:10F030000E1285C712987C700D800002A16512A780
:10F04000DF7F2212E27B229027F3E014F070061299
:10F05000D83312BA6B22E536B54F05116112B84CA0
:10F06000227E0A7F2EE4FB7D3222EF6005D394E8F6
:10F0700040037F0022EF75F005A424F7F974000225
:10F080001E35902EB4EDF0902EB11212D9E4902ED0
:10F09000B6F07D1D129FBE902EB57401F0902EB576
:10F0A000E0FFD395345076902EB4E0FEEF6E6065AD
:10F0B000902EB512BFCB605D90282DE06404700ADD
:10F0C000902EB5129DB4604D8037902EB512A6A239
:10F0D00030E742902EB5E0FF902EB4E0FD129B7217
:10F0E00090282DE0FEB40305EF64036014EEB40233
:10F0F00005EF6402600B90282DE0B40118EFB40115
:10F1000014902EB11212D0902EB5E0FD12A7CD9022
:10F110002EB5E0A3F0902EB5E004F08080902EB6DE
:10F12000E0FF700122EF14131313541F04FF221287
:10F13000D83312BA6B20020312BD9C2212D833902E
:10F140002891740FF090278012A2AC90278012852E
:10F15000B312987C700312BD9C22E4FE12D72DE0FE
:10F16000B507037F01220EEEB405F17F0022A266EF
:10F170009225D20B902FCAE0FCA3E0FD12DEDCEF5B
:10F180006002C20B22902EB71236FDEBF0200C036A
:10F190007F0022902EB7E0654F7030902EBAE0C30A
:10F1A00030E001D39217902EB8E07F006002AF4F9D
:10F1B0008F3612D953902EB8E0600512EF85800586
:10F1C000E490289BF01297EA7F0122902EB7129FBD
:10F1D000A230E109902EB712A6A220E7037F0022F9
:10F1E000902EBBE0FFA3E09027BECFF0A3EF12BBB1
:10F1F000AA7412F0902EB8E0902835F0902EBAE064
:10F200007F0030E0027F01902836EF12BFDE9027AA
:10F21000FC7405F0902EB9E060057403F080069050
:10F220002EB97405F01285C85158902EB9E090049B
:10F230005CF0A37409F0A3747AF0902EB7E0FB128F
:10F24000989470119027BEF0A3F0FBFAF97F021298
:10F25000E4B97F00227F012290045B7404F022AFA6
:10F260003622A203E43325E0FF7E00200C027E015B
:10F27000EF2EFFA217E43325E025E02FFFA210E4D4
:10F280003333333354F82FFFE5367E00B54F027E1B
:10F2900001EEC454102FFFE534D394017E005002D8
:10F2A0007E01EEC43354E02FFF22A20C2290300FD7
:10F2B000ECF0A3ED12BBAA04F0D223AB07C00312FB
:10F2C00085C851D3F090300F12D647D003129894CE
:10F2D00024FF2290045B7402F0A3740522C207C2CB
:10F2E0000D9028007401F0D20512BDAEC20EC2020C
:10F2F000D21AC20990289B7481F0C215C218C20AA2
:10F30000C20B7401713E902780F090282CF0F536E6
:10F31000902832F0753001C201F537902891F0A3A2
:10F32000F0A3F090280004F0E49027FFF0C21CF551
:10F3300035F533F532902867F0902863F022902855
:10F340002EF0A374C2F0E490289AF022902EF6E0FA
:10F35000FEC394025027EE25E024F2F582E4342E19
:10F36000F583EFF0AF05902EF6E0FE04F0EE25E019
:10F3700024F3F582E4342EF583EFF0D322C32290F8
:10F380002F571244E4902F581212D01297DC7B01B1
:10F390007A27795A7F1312A950902F57E0FD7F04E6
:10F3A00080AA903051EFF0902EF6E0602D902EF272
:10F3B000E0FF903051E0F8A607902EF3E0A805F6A4
:10F3C0007B017A2E79F41297DC7A2E79F27F021281
:10F3D000A950902EF6E014F0D322903051E0F8E4DA
:10F3E000F6C322E4FF91D16017910608E616187063
:10F3F00001161486044C700891C876FF916AE4F6F1
:10F400000FEFB402E022EF25E025E02482F822EF9E
:10F4100070027FEF90305374FFF0FDFCE4FEEE913C
:10F4200007E6FA08E6FBD39DEA9C5006AC02AD0362
:10F43000A906EE916BE6B50704A9068014EE9107C4
:10F44000E6FA08E64A7005903053EEF00EEEB4028C
:10F45000CDEEC394024010903053E0FE94FF500272
:10F46000A906E9916BA607AF0122EF25E025E0246C
:10F4700080F822903016EDF0903015EFF0654F6077
:10F4800007E0FF12AF195002D322903015E070034D
:10F4900074EFF0E4FF91D16028903015E0FEB4EFF6
:10F4A00008916AE6B4FE02D322916AE6B50612918B
:10F4B000C8903016E0666007903015E0B4EF02D3D4
:10F4C000220FEFB402CFC322EF25E025E02481F81C
:10F4D00022EF25E025E02483F9E71947227B017A12
:10F4E00030791C02D83990301BE014F07004C2311E
:10F4F00091DD22E4F540EF24FF9231EF600302DF5B
:10F500008980DAE4F53CF53DF53EF53F75FF018570
:10F51000FD3875FF0185C93975FF0185CA3A75FF48
:10F520000185CB3B22EFB12CF002000090122DF0B0
:10F530009030542290122DE0FFF46005903054EF8B
:10F54000F074FFB12CE0FF22902C06E0FCA3E0FD5C
:10F5500029FFEC3A2290122DE0FE640690305460B0
:10F5600004EFF08008EEF090122D74FFF09030540C
:10F57000E0FF22C2EBD2FB900597121236902BE1EE
:10F5800012128790059B121236902BE5121287906B
:10F59000059FE493902BE9F09005A0E493902BEA6B
:10F5A000F09005A1E493902BEBF09005A2E49390EA
:10F5B0002BECF0D2579005931212361223B2E4F5D9
:10F5C00010F51475152022B1BE9005A393F51B907C
:10F5D00005A6E493F513907FB2E493FFF460028FE5
:10F5E0001B907FB5E493FFF460028F13AF1BD10E25
:10F5F0009005A9E4939003C9F09005AAE4939003C1
:10F60000CAF09005ABE4939003CBF0023CCAE4F55A
:10F6100017E51790056693D39F40070517E517B4C4
:10F620000EEFE517C3940E40047517FF22E517C4CB
:10F6300054F0F51722902C28E0600314F022120BEE
:10F64000BE029728E4903055F0EFD3941C4002801E
:10F6500020EFD394014005E4903055F0D19B129FE8
:10F66000CEEF6010903055E004FFF07401D39F504E
:10F67000EB02448BD19B12A7CD903055E0FFE4D331
:10F680009F40028009903055E075F01CA4FF7E0079
:10F6900074C02FF9EE342BFA7B01227B017A2B798F
:10F6A000DC903055E004FD22C3902C07E099FF90D8
:10F6B0002C06E09ACF24FECF22A3E0F8A3E0C39D5E
:10F6C000FEE89C902E09F0A3CEF022AC02AD019092
:10F6D0002C0CECF0A3EDF0902C06E0FA227B017AE2
:10F6E00028792C02D8397B017A2779FD02D8397A1A
:10F6F000287937E4902E4EF02224FAFF7B017A28F5
:10F70000793A2212BF7C902CA7EFF0227B017A2855
:10F71000793722E4902891F0F53522902864E0FFB3
:10F7200014F0EF22E4FF12DB21E4F53522F09028FB
:10F7300094E0902864F0227E267FAA121E3A902838
:10F7400092EFF022241EF9E43AFAE4F5F002105F99
:10F75000FD902868E0902EECF022E0FD7B017A27F6
:10F7600079C7902CA0E024FA902EC8F07F4022E0C8
:10F7700075F01DA42463F9740535F0FEAF0122E590
:10F780004275F060A4244DF9742635F0FA7B01909F
:10F7900027100212D990045BF0A37405F0227B01BC
:10F7A0007A287932902E5D7464F022902FA7E013AE
:10F7B0001313541FFF902FA6E02FFF902FA5E034C6
:10F7C00000FE22903018E075F060A4246BF582E40E
:10F7D0003426F58322D260129BF4D23722902DC9B1
:10F7E000E075F01DA424C0F9742835F0FA7B0122DD
:10F7F000F0902CA4E0540222902CA0E0D39403E4D7
:10F80000940022E4902891F090304FE022A37409F4
:10F81000F0A37493F0902831E0FB2275F060A424EB
:10F820004DF582E43426F58322E090045CF0A37465
:10F8300009F0A3749DF022E0900474F0A37409F021
:10F84000A374C0F022902CA4E0FF902CA6E0FD222F
:10F85000902CA6E0FDE4FB22902918E044C0902EF5
:10F860004EF0227B017A287932902E5DF02290288A
:10F8700035E0FD12DFEFEF229027C0E0640322E4C1
:10F88000F536A210920CC217227B017A27799522B5
:10F890009027C4E05407C3940222121781902CA62B
:10F8A000E0FF221531E53124FF921322902CA6E0CF
:10F8B000902892F022902CA0E0902894F022902C96
:10F8C000A6E0902C3CF022902891E0FF641222F5F3
:10F8D0003790286AE0FF229027C0E0FF6401229061
:10F8E000045BF0902CA822902CA6E0FF7D042290CF
:0FF8F0002797E0541FFF229027FCE0FF640822B7
:020000040001F9
:10000000302C0C12A2129023B2E06F7018801212E2
:10001000A2129023B2E07E0070027E01EEB50705C9
:10002000E4902642F0902642E004F0C3940240049B
:10003000B22CE4F022F583E0FD020885903062EFF7
:10004000F0902DAD7401F07C0D7D3A12A9C6F470CC
:100050005D903062E0FF902DB2F0B4010B902DABBB
:10006000E4F0A37402F08036EF7F01B402027F0057
:10007000902DB0EFF0902DAB7402F0A374D0F090FF
:100080002DAE7401F0A3F0122F41EF543F2432FD46
:100090007E0D7F447BFF1208BC902DAAEFF07E0DF1
:1000A0007F3F7BFF7DFA1208BC902DB1EFF02290CC
:1000B0003061EFF07F807E0412A5A4E4902179F0F6
:1000C000902641F09023B174FFF090215FF0E4900E
:1000D0002642F0C22C902411F0129B8194045010FF
:1000E00012A74A74FFF0EF12A808E41298B880E94A
:1000F000E4902411F0129B819404501012A76974AB
:10010000FFF0EF12A7FAE41298B880E912A9D6120C
:100110009B819408500B12A7A9F583E41298B8802C
:10012000EEE4902414F0C22D12A90F12A25BE49009
:10013000239BF0A3F09023C7F0C22B12A94D129974
:1001400007E4902167F0C22F12A4157A267949128C
:1001500008767E2F7FF0120880EF64426002412C07
:1001600090264712A7A01209ED902003E07F0030EF
:10017000E7027F02902002E07E0030E7027E01EE7F
:100180004F902161F0902006E090216BF0902007C5
:10019000E0902163F07E2F7FF112088090239DEF85
:1001A000F0D3942340037423F0E4902411F0129BC5
:1001B000E7501412A90412088090241112A99BF58B
:1001C00083EF1298B880E77E307F15120880902662
:1001D00044129D3F129B819403502012A94312A305
:1001E000D3FE12A9CEF583EFF0EE12A99212A3D39B
:1001F00012A9B6F583EF1298B880D9902159E0FF83
:10020000601FA3E0FDA3E0FBA3E0900489F0902130
:100210005DE090048AF090215EE090048BF012374C
:10022000E6902644E0601D122F24801890239D74D0
:1002300001F09023EB7421F07A2179597D06124662
:100240009A129B25D22E902154E0902002F0902605
:100250004412A939902004F090216BE0902005F021
:10026000902163E0902006F090239DE090200712FB
:100270009D40129BE7501712A989F583E0FF74088F
:100280002EF582E43420F583EF1298B880E47C20C8
:100290007D02EE2406FB7F0A129C73903061E0F031
:1002A0007F0122902644E0600312177212A262902E
:1002B0002165E01470030296EB1470026141147022
:1002C0000302970F14700302972B24046003029714
:1002D0005090217DE06026902160E0602090217B9D
:1002E000E0FE12A84BE090218012A8D490217BE080
:1002F00012A7F1129FB09021657403F02290241789
:10030000E06026902160E06020902415E0FE12A7B6
:10031000C2E090241A12A8D4902415E012A9301239
:100320009FB09021657404F0227F0112A439EF641C
:1003300001600302975590216004F090216504F05C
:100340002290298FE01213E68FB1028E5E03902F68
:1003500005904B06918907906F088E520990740B97
:1003600084AF1095B31184BA1284DB138E411585C6
:100370003716945A1795DD1C86752086872186933B
:100380002286CD2386F42496CE278A672888B22930
:1003900089542A89AF2B88F02C89202D879A2E8AA0
:1003A000402F846C37847238848F3984953A96D183
:1003B0003B96DC3C8B513F8AEB418AF9428BE94406
:1003C0008BEE458C59468CA3478AAD488B194A8BD6
:1003D000354B8B704C8B8C4D8C794F8BA8508CC0CF
:1003E000518A8E538D32548CF1558D67568D0D5731
:1003F0008CD5588BDF5E8BE45F9038608D71618D9A
:1004000093628DA26396986596A56696AD678DCE2C
:10041000808DF5908E03928E179394CF988F36A08F
:100420008EBEA28EECA48FA6A58F96A6853DA9852B
:10043000A2AB9486B4949AB6949FB794A4B8947DD2
:10044000B99469BA8AD8BB8AE2BC9473BD8F11BED5
:100450009490BF94C2D094A9D294B6D39698D491D4
:1004600097EE943CEF8B12F1000096E9123CCA0221
:100470008F9312A7A2E4FF123CC112A9687F011258
:100480003CC17B017A20790A7F02123CC1801B1299
:100490003D0E0296A012A8C3123D2612A8C3129ABE
:1004A000EF7A2079027F0C1208997F0C0296D9907E
:1004B0002990E0FF121EC0028D2B902992E0FE9041
:1004C000264512A723A3E0FDEE60067A0C7B9580FB
:1004D000047A007B001209B1028D2B12A81640038A
:1004E00074A8F0E4902411F0902C80129BEA500F35
:1004F00074922E12A76012A854EF1298B880E99057
:100500002C8012A73DFE9023B4F0902990E0FD12BC
:10051000A7D0900473EFF012A75E900474F0EE6021
:10052000067E0C7F9A80047E007F0012A9FEF07F79
:10053000FF120BF5028D2B120BFA028F939029926A
:1005400012A819400374A8F0E4902411F0902C80B4
:10055000129BEA500F74932E12A74112A854EF1267
:1005600098B880E9902C80E0FE2498F582E4342944
:10057000F583E0FC9023B412A8A512A7D0900473D1
:10058000EEF012A73F900474F0EC60067E0C7F9FA3
:1005900080047E007F0012A9FE12A723120BF50231
:1005A0008D2B902991E0902C80129D40129B81947C
:1005B0001D5010747C2FF582E43423F583E41298E7
:1005C000B880E9E4902411F0902C80129BEA501B33
:1005D000EEC3944050157B017A23797C74922E12DD
:1005E000A760FD1208DF1298B980DD902C80E01220
:1005F000A75E902C81F0D394A8400374A8F0E490F7
:100600002411F0902C81E0FF902411E0C39F501042
:1006100012A8CD2F2493F582E434291298A980E3FF
:10062000902C81E0FE902C80E02E12A73E902C8230
:10063000F074942F12A977FD90241212A72312A709
:10064000D0902D281212D9902D2BEEF0902C82E014
:10065000902D2CF0ED60067C0C7DA480047C007D48
:1006600000902D2DECF0A3EDF07B017A23797C1224
:1006700043D1028D2B12A96812A41B7A2079021291
:1006800008767F050296D912A79212A8F91208805F
:10069000028D2B12A79212A8E112A87112A9F6C31B
:1006A000EF9DEE9C4008E4902640F00296E6902CE8
:1006B00080E0FEA3E0FF902992E0FD120885EF7F25
:1006C0000160027F02902640EFF00296E6902992A8
:1006D00012A819400374A8F012A79212A8F912A741
:1006E000A2902C80E0902E92F012088A902C80E04C
:1006F000FF0296D912A79212A8E112A8729029922D
:1007000012A9EEFE902C82F0A3EFF0E4902640F0C8
:10071000D3EF94A8EE9400501E902C82E0FEA3E04C
:10072000FF902C81E02FFF902C80E03EFE12A9F676
:10073000D3EF9DEE9C4007E4902640F08059E49072
:100740002411F0902411E0902C8212463FD39FECAC
:1007500094004010902411E02494F582E43429128E
:1007600098A980DF74942D12A9A49023AEF0902C48
:100770008012A7CB902D34ECF0A3EDF0249412A9B5
:10078000A460067C0C7DF980047C007D00902D36F1
:10079000ECF0A3ED129F460296E6E490200212448C
:1007A000F4902990E0146026146074147003028899
:1007B0008B240360030288A812A8BCF0A3F074384D
:1007C000902004F0743CA3F01208940288A8902CA6
:1007D00080E0FF64016005EF6002804F740112A7A2
:1007E0007812A8ED94A44004A374A4F012A7D740F3
:1007F0000312A87A902C83E0FD12A822902C81E0AD
:10080000FEA3E0FF12A968902E92EDF012088A1262
:10081000088FEF700201A89020027403F001A890E5
:100820002C80E0FF6402600BEF60089020027402ED
:10083000F08075740212A77812A8ED94A840089071
:1008400020027401F0806112A7D7400312A87AE455
:10085000902411F0902C83E0FD129B819D500D742B
:10086000942FF582E434291298A980E8902C811203
:10087000A7CB902D34E41246B9A3129F46902C8347
:10088000E012A822E4902C83F0801D902C80E0B42C
:10089000010C12088FEF60069020027403F0902C78
:1008A000807403F0A31246B1902C83E02404FF026D
:1008B00096D912A8C312182EE4902411F0902C801F
:1008C000E0FF1298B92402129AD9EFF0902C81E03F
:1008D000FF1298B92402129AD9EFF0902C82E0FF0F
:1008E0001298B92402129AD9EFF012A88A0296D966
:1008F00012A5B47405C39F502490299012A736788E
:10090000101211FDC006C00712A842D007D006126F
:10091000A72A12107E120786902640EFF00296E674
:1009200012A5B47406C39F502890299012A7367858
:10093000101211FDC006C00712A842D007D006123F
:10094000A72A12107EA3E0902ED8F012073C12A81E
:100950006A0296E612A8BC12A5B87407C39F504657
:1009600090299312A9EE12A871D394A8EE94004096
:1009700009902C80E4F0A374A8F090299012A73677
:1009800078101211FDC006C00712A842D007D00689
:1009900012A72A12107EC00712A7A2902C80122B39
:1009A00010D007121796902C80A3E0FF0296D91260
:1009B000A5B47409C39F4002413D902993E0FEA372
:1009C000E02400FDE433FC902C80F0A3EDF0EF2454
:1009D000FDFFD3ED9FEC94005063C3E094A8902CEE
:1009E00080E094005057E4902411F0902411E0FF2F
:1009F000D3902C81E09F902C80E0940040109024B4
:100A000011E02495F582E434291298A980DD90291B
:100A10009012A73678101211FDC006C00712A84226
:100A2000D007D00612A72A12107EC00712A7D090B6
:100A30002C801245B2D0071221AE12A86A0296E6A7
:100A4000E4902C8012A5B87404C39F501212A925FB
:100A5000400374A8F012A8CAFD12A7A2129F5E90CC
:100A60002C80E0FF0296D9E4902C8012A5B8740483
:100A7000C39F501212A925400374A8F012A8CAFD02
:100A800012A7A2120B87902C80E0FF0296D9902922
:100A900090E0FF902158F012A9BEF0EF60067E0CA6
:100AA0007FE580047E007F00120AA1A12B9029918E
:100AB000E0FE90240F12A723EE60067C0C7DB3802D
:100AC000047C007D00120A60EF700B902991E060B9
:100AD000057F2312A0F8E193902990E0FF121803FC
:100AE000A12B12A1D9FD120911E19E90299012A704
:100AF000A01209ED7F060296D9902990E090239EDE
:100B0000F060067E0C7FB880047E007F00120A0B26
:100B1000E193E490216802970C12A10E5003029712
:100B2000557F0112A1D760067C0C7DBD80047C003E
:100B30007D000209D912A10E50030297557F0112C0
:100B4000A1D760067C0C7DBD80047C007D0002097D
:100B5000E312A10E50030297557F0212A1D7FDA305
:100B6000E060067A0C7BBD80047A007B000209DE1F
:100B700012A10E50030297557F0112A1D760067C87
:100B80000C7DBD80047C007D00020AE212A10E50A3
:100B9000030297557F0112A1D760067C0C7DBD80B2
:100BA000047C007D00020ADD7F0112A1B69029902D
:100BB000E0FF7480D39F4011A3E060067C0C7DBDF4
:100BC00080047C007D000209D4902990E0FF7483AA
:100BD000C39F4006EF2480FF80027F0002A6BC1264
:100BE0000B0FA12B120B14A12B120C7CE193E490A0
:100BF0002640F012A816400374A8F0E4902411F0E7
:100C0000902C80E0FE129B819E501374922F12A7AD
:100C100060FD74AB2F12A858ED1298B880E2902CAA
:100C200080E0FD12A73FFC9023B512A72312A7D0A6
:100C3000902E00EDF074922E12A760902E01F0EC31
:100C400060067C0C7DC280047C007D00902E02EC4E
:100C5000F0A3EDF0120C81A12B902992E0FE9023DD
:100C6000AD12A723A3E0FDEE60067A0C7BC78004DB
:100C70007A007B001209F7E19E902997E090217A93
:100C800012A8A47A297B92EE60067E0C7FCC8004A9
:100C90007E007F00902EA9EEF0A3EF12A723120989
:100CA000F2E19E902991E0FE90239912A723EE6035
:100CB000067C0C7DD680047C007D00120A06E19E35
:100CC00012A71BEE60067C0C7DE580047C007D0095
:100CD000120A01802F90299612A71E7C297D91EE81
:100CE00060067A0C7BE580047A007B001209FC80A8
:100CF0001312A71BEE60067C0C7DE580047C007D52
:100D00000012442812A86A12A9BE029435902992B2
:100D1000E0FE90216A12A723A3E0FDEE60067A0CA4
:100D20007BD180047A007B00120C86902640EF0273
:100D30009435902994E0FE90200112A8A5A3E0FB31
:100D4000A3E0902EBAF0EE60067E0C7FA980047EB0
:100D5000007F00902EBBEEF0A3EF12A723120A979C
:100D6000902640EF029435120A9C902640EF0294A0
:100D700035902991E0FE90216412A723EE60067C55
:100D80000C7DDB80047C007D00120A8D902640EFF4
:100D9000029435902990E0FF120A88902640EF02D5
:100DA0009435902991E0FE90240E12A723D266EE8E
:100DB00060067C0C7DE080047C007D00902FCAECF6
:100DC000F0A3EDF0120A92902640EF02943512A79C
:100DD000A2902992E07E0060027E40902991E07D01
:100DE0000060027D80ED4E902E4E12A7231208F86F
:100DF0007F1D0296D9902990E024FF926012092F5E
:100E00000296E912A95E7C207D0412093990200324
:100E1000EFF07F070296D912A95E90298DE0FE744B
:100E200009D39E50067C297D918008902990E0FF8F
:100E3000E4FDFC12093EE433902003F07F020296A9
:100E4000D97E207F02122B8190200EEFF07F0D02C1
:100E500096D97E207F02122B9C7F040296D990297E
:100E600090E0902161F0902991E090216BF0902921
:100E700092E0902163F0902993E0FFC39423500205
:100E800080027F2390239D129D3F129BE750127496
:100E9000942E12A977FF12A989F583EF1298B880D2
:100EA000E9129B819423501074EB2FF582E43423D4
:100EB000F583E41298B880E9129B250296E99029FF
:100EC00093E090264312A8A4A3E0FBEE60067E0CFC
:100ED0007FF480047E007F00902EF0EEF0A3EF12EE
:100EE000A7231209B6902640EF029435902992E08C
:100EF000FE90264812A723A3E0FDEE60067A0C7B45
:100F0000EA80047A007B001209CA902640EF02941E
:100F100035902992E0FE90263F12A723A3E0FDEE34
:100F200060067A0C7BEF80047A007B001209A290A5
:100F30002640EF029435902991E024FF922AA3E005
:100F4000902169F0902993E0902162F0902994E03B
:100F5000FFC39423500280027F2390239A129D3F67
:100F600090239A129BEA501874952EF582E4342946
:100F7000F583E0FF74C82E12A9E6EF1298B880E05E
:100F8000129B819423500C74C82F12A9E6E4129886
:100F9000B880ED0296E9902990E0FF120AB0E433A0
:100FA00090264002943512A7A21209CF7F1D029607
:100FB000D9902002124657120AAB4007902003E056
:100FC0004404F0120AA6EF30E407902003E044083E
:100FD000F0902004741DF09024117403F0129B8192
:100FE0009420500C74022F129AD9E41298B880ED14
:100FF0009024117401F0902411E0FFD394E8502262
:1010000012A8C31209ED902C84E0600E7B017A20B7
:101010007905902411E0FD1208DF1217811298B9AA
:1010200080D49020227405F0E4A3F07F22C1D9126D
:101030000AA6902640EF8135902990E0FF7C0C7D38
:10104000AE120AB5E433902640813590298AE090AB
:101050002002F0902986E0902003F0902990E09003
:10106000298AF0902991E0902986F07F02C1D91257
:101070002F2480FE12A5B47404D39F4002218790D0
:1010800024117401F0902990E0902002F024FE6079
:101090001B24FE602D24FC700221262407600221FF
:1010A0006E902411129AD2740EF021807405D39F91
:1010B000506F902991E060028001C3922E12A8B572
:1010C000805F90298DE0FF740AD39F50549029913E
:1010D000E0FF12A3C3902159EFF0902992E0FF1294
:1010E000A3C390215AEFF0902993E0FF12A3C3907D
:1010F000215BEFF0902994E0FF12A3C390215CEFF5
:10110000F0902995E0FF12A3C390215DEFF09029A4
:1011100096E0FF12A3C390215EEFF0129B2512A868
:10112000B59026408050902159E0902411602512FE
:10113000A83A129AD97401F0902411129D63C0024A
:10114000C0017A217959129AEFD001D0027F06129C
:101150000899801112A83A129AD9E4F09024111239
:101160009D631237FC902411E02406F08012E49075
:101170002002F0902990E0FF902411129AD2EFF013
:10118000902411E0FFC1D9C1E690298FE0FF7C26B1
:101190007D177B2802A08790298DE0FF7404D39FE0
:1011A0004002813A902990E01213E691C4019244E2
:1011B0000292CF0393520493800593BD06942B07AC
:1011C000000094389023B1E0F4601690215FE0FFB6
:1011D000F4600EE4902642F01208C690215F74FF7E
:1011E000F09023B174FFF090298DE0FD7405D39D3C
:1011F0005050902991E0FE7437C39E4045EE540F45
:10120000FE74079E403CE024809023B1F07406D326
:101210009D5011902992E07F0060027F019023B2DF
:10122000EFF08005E49023B2F09023B1E0FF1208C4
:1012300062E4902642F07E0C7FFE129F5790215F61
:10124000EFF0C1E9E4902411F0129B81940450194D
:1012500012A74AE0FFF46003120862902411E01222
:10126000A74B74FF1298B880E0E4902179F09029A0
:1012700091E0FF902411F0E4C39F5051E0FF74040B
:10128000C39F404912A91AC39F404212A8AC6037BD
:10129000E025E012A75EFF7437C39F402A12A9DE43
:1012A000402590241112A7592480FD12A74AEDF081
:1012B00074932E12A7417F0060027F01902411E0F9
:1012C00012A808EFF080C49021797402F0C1E912ED
:1012D000A9D6129B819408500B12A7A9F583E4129A
:1012E00098B880EE90298DE0FF7406D39F506190EE
:1012F0002991E0FE7403C39E4056902410EEF090B6
:101300002992E0FE902411F0E49E5044E0FE74081F
:10131000C39E403CEE25E02406D39F5033E090244A
:1013200014F012A8AC602912A73DFEEF25E024B608
:10133000F582E43423F583EEF0902411E0FF90244D
:1013400014E02F12A73FFE12A7B7F583EEF080D26C
:10135000C1E9E412A90F902991E0FF7402C39F40F4
:101360001D90298DE09407401590239FEFF0902960
:1013700092E09023AFF0902993E09023B0F0C1E980
:1013800012A9576003129904C22F12A94D90298DFA
:10139000E0C394064025902991E0FF74379F401BDD
:1013A00012A9DE4016E02480902155F0902992E0A9
:1013B0007F0060027F01902156EFF0C1E9E49021A7
:1013C00079F0902411F0129B819404500A12A769BD
:1013D00074FF1298B880EF902991E0FFE4C39F500A
:1013E000487404C39F404212A91AFEEFD39E50399D
:1013F000902991E0902411F012A8AC602212A75914
:101400002480FD12A769EDF074932E12A7417F008E
:1014100060027F01902411E012A7FAEFF080D990CA
:1014200021797403F0E412A06AC1E9902641E090AA
:101430002640F0E4A3F0C1E6C1E9C1E990298DE0BE
:10144000FF7403C39F500B902990E0700512A06AAF
:1014500080069021607401F0C1E9902990E0FF12AC
:101460003064902640EFF0C1E612305E902640EFE7
:10147000F0C1E6120036902640EFF0C1E612A1D985
:10148000FD120066C1E9902990E0FF12004EC1E90B
:1014900012441F902640EFF0C1E6122F24C1E9123A
:1014A0002F31C1E9121772C1E9122F24902644741A
:1014B00001129CE1C1E9122F31E4902644129CE113
:1014C000E150902990E024FF924E120056E1509096
:1014D000298DE0FFD394035002E155902990E01448
:1014E000605E046002A1AC12A8BCF0A37440F0EFEF
:1014F000D394044019902991E0902C81F090298D8B
:10150000E0D394054008902992E0902C82F0902C32
:1015100082E0D394A7400374A7F0E4FF902C82E00C
:10152000FEEFC39E5012902C81E02FFE902C80E0A5
:101530002EF8E612A89580E4902C8212A88DC1D9CD
:1015400012A8BCF0F54DF54E9024117440F090298E
:101550008DE0FDD39405401D902991E0FEA3E07A33
:10156000002400F54EEA3EF54DEDD394064006A367
:10157000E0902411F0902411E0D394A7400374A7C5
:10158000F0E4FF902411E0FEEFC39E501AEF7C00C0
:10159000254EFDEC354DFC902C80E0FAA3E0124680
:1015A000A9E012A89580DC12A88AC1D9E49026404F
:1015B000F0C1E6E490216512A723A3E0FDE4FB124D
:1015C0002C6712A86A12A16C902640E07002E155C7
:1015D00012A436EF7002E15512178180F390299022
:1015E000E0902C7DF090298DE0D394034010902C56
:1015F0007DE0600AD39420400B7420F08006902C8C
:101600007D7402F0E4FF121EC0EF60389024117464
:1016100002F07B017A2C797E123C2A5027902C7E96
:10162000E0FF902411129AD2EFF0902C7FE0FF900F
:101630002411129AD2EFF0902C7DE014F06005E0B6
:1016400014F070CE902411E024FEF0902C7DE0B4D4
:10165000FF0C902411E014F0902C7DE004F0902C0D
:101660007DE0FF6005E4902411F0EF7F0070027FC1
:1016700001902002EFF090241112A93930E0047F8C
:10168000018002E4FF121EC0902411E0FF7E016081
:10169000027E02EF2EFF8041902990E0FF1208F3B6
:1016A00012A8B58041120AAB12A86A80397B017A70
:1016B0002979A0902DB61212D97A207902902DB9ED
:1016C0001212D97A2979901228AA7F10800B020C65
:1016D0009012A7A2123D567F0202A1A712A1D9FD26
:1016E000120BF012A8B502A16C806512A5BFBF0253
:1016F00006E49021788015902C7CE06405705612E9
:10170000A860940350028039E4902178F08042125E
:10171000A5BFBF02028011902C7CE06405703612D8
:10172000A86094035002801902A2B212A5BFBF02A2
:1017300002801A902C7CE0B4051B12A86094035020
:101740000CE4902E78F0FBFAFDFF029FB702A2D8BE
:10175000E4902165F022902161E0120EFF90216B50
:10176000E0FF902CEF1244B6902163E0FF902CEF45
:1017700012383BEF120EFF7B017A2379EBC003C0D6
:1017800002C001902CF21212D012130E90239DE091
:10179000FF902CF51212D0EF020EFFE0FEA3E0FF47
:1017A0000208D0E4FDFCFF12A9C6FFF4600912088C
:1017B000C6902DB174FFF0902DAAE0FFF4600312E3
:1017C000A612E4902DADF022E4902411F0129B813A
:1017D0009404501C12A74AE0FFF4600F12A9AD1246
:1017E000A74BE0FFEE12A80812A96F1298B980DD8E
:1017F0009020AAE0FFF4600312A25812A9576003D8
:10180000129904C22FC22DC22B22E4902411F07130
:10181000819404501B12A769E0FFF4600F12A9AD78
:1018200012A76AE0FFEE12A7FA12A96F11B980DFC2
:10183000902155E0F4602212A95760031208C69067
:101840002155E0FF120862C22FE4902167F07E0D5F
:101850007F03F1579023ACEFF0902410E06002C2B8
:101860002D90239FE0603C9020AAE0FFF4600312DB
:1018700008C6C22B7E0D7F087BFF7D641208BC90DA
:1018800020AAEFF090239FE07F01B402027F3C90FA
:1018900023C7EFF09023AFE0FFA3E090239BCFF0AE
:1018A000A3EFF0E4902641F022F583E0FE74AB2F25
:1018B000F582E43420F583EEF0902411E004F02268
:1018C000A22AE433120EFF902169E0902CCB12443F
:1018D000B5902162E0FF902CCB12383BEF120EFF47
:1018E0007B017A2379C8C003C002C001902CCE12BC
:1018F00012D012130E90239AE0FF902CD11212D026
:10190000EF020EFF1208C69023AC74FFF022902D58
:10191000571212D9E4902616F15051CBEFF030E671
:101920006BE9240151C751E1FF7C0030E3047D1DC8
:1019300080027D00C374A29DFDE49CFC902D5DE0BF
:10194000D39DEC121851400BEF7F0030E3027F1D56
:1019500012A980902D5DE051CEB13F902D5D71EACE
:10196000500F902D5A1212D0E92E51C7EF11B880A6
:10197000EAB15651C7EFF012A83751D9E4F051BE81
:1019800012A0D1902616E0FB7FD14150B15651C72D
:10199000EFF150E9240151C751E130E30A51F560FC
:1019A000067E007F1D80047E007F00C374A29FFF1F
:1019B000E49EFE902D5DE012184E4013A351E630D8
:1019C000E30851F560047F1D80027F0012A980901A
:1019D0002D5DE051CEEFF0B160C003C002C00190B8
:1019E0002D5A51ECD001D002D003120899902D5DF0
:1019F000F19351E230E34651F56042120E40541F1C
:101A000004FF902411F0902616E0FEC374A69EFEFB
:101A1000EFD39E4005902411EEF0902411E0FFB129
:101A200060C003C002C001902D5751ECD001D0021C
:101A3000D003120899902411F193F0800712A8376F
:101A400051D9E4F051BE12A0D1902616E0FB7FA838
:101A5000902FE412452EEBF0902160E07003302DC2
:101A60005B902417E0C394035052E004F0902416D6
:101A7000E012A7C2EFF0902FE6E0D394A8400374E1
:101A8000A8F0902FE6E0FF902416E0FE12A930B1F6
:101A90004E241AF9742435F0FA7B01C002C001907B
:101AA0002FE6E0902FE4F13D51EFD001D002120873
:101AB00099902416B1474002E4F0D322C322902D1E
:101AC0005E1212D0E92403F9E43AFA120E40FF90B4
:101AD0002616E0FE04F074022EF582E43420F5832D
:101AE00022EFF0902D5E1212D0020E401212D09012
:101AF0002E320212D9902D571212D0E94A22902D7F
:101B0000AFE014F0701EA3E07005120B0F800312FB
:101B10000B14902DAEE0C3941B5003E004F0902D05
:101B2000AEE0A3F02290239DE0D3942340037423DE
:101B3000F07E2F7FF190239D718871E7500D12A9DF
:101B40000412A99B12803511B980EF7E307F159069
:101B50002644718871819403501E12A943FEE0123D
:101B6000A9CE128035902411E012A992FEE012A9AC
:101B7000B612803511B980DC7E2F7FF07D420208DD
:101B800085902411E0FFC322E0FD120885E4902433
:101B900011F022902EC51212D9902002EFF0A3ED81
:101BA000F0902EC8E0D394A5400374A5F0902EC801
:101BB000E0902004B140902EC871EA501B902EC5D1
:101BC0001212D0E92E121E80FF74052EF582E43425
:101BD00020F583EF11B880DE7C207D02902EC8E0D6
:101BE0002403FB7F49415090239DE0FF902411E0A6
:101BF000FEC39F22902FE71212D9902FE751E6FFE4
:101C0000902168F09023C6E0902002F0A3EFF0E965
:101C10002401121E80902004F0902FE712456012DC
:101C20001E80D394A4400574A4120EFF120E40909F
:101C30002005B140902FE7124560121E8071EB50D5
:101C40001D902FE7B1591245E0E92E121E80FF7456
:101C5000062EF582E43420F583EF11B880D690216A
:101C600053E0FF7C207D02902FE7124560121E801A
:101C70002404FB902FE112452EEBF0902160E070E0
:101C800003302D5B90217DE0C394035052E004F0BB
:101C900090217CE012A84BEFF0902FE3E0D394A8C2
:101CA000400374A8F0902FE3E0FF90217CE0FE1247
:101CB000A7F1B14E2480F9742135F0FA7B01C002FE
:101CC000C001902FE3E0902FE1F13D51EFD001D022
:101CD0000212089990217CB1474002E4F0D322C35C
:101CE00022F07E307F15FD020885902F6B1212D9ED
:101CF000E4902F6EF09023B4E0902F6ED1CC51D9A8
:101D0000EEF0902F6E51D2EFF0302E2A902F6B1202
:101D100044FC6022902F6EB163C003C002C00190EA
:101D20002F6B51ECD001D002D0037F131208999091
:101D30002F6EE02413F0902F6EF12F7F138173EF3D
:101D4000F0E4902411F022E004F0C3940322EFF0B9
:101D5000EE75F0AAA422902D5E1212D0E924022280
:101D6000902616E02402F9E43420FA7B0122902F19
:101D70006F1212D9E4902F72F09023B4E0FE902FEE
:101D800072D1CD51D9EEF0902F7251D2EFF0302EAA
:101D90002A902F6F1244FC6022902F72B163C0030F
:101DA000C002C001902F6F51ECD001D002D0037F50
:101DB00013120899902F72E02413F0902F72F12FD4
:101DC0007FA98173902F731212D9E4902F76F0902F
:101DD00023ADE0FE902F76D1CD51D9EEF0902F7645
:101DE00051D2EFF0302E2A902F731244FC602290D3
:101DF0002F76B163C003C002C001902F7351ECD0A5
:101E000001D002D0037F13120899902F76E024139B
:101E1000F0902F76F1367F468173902F7F1212D982
:101E2000E4902F82F0902158E0902F82D1CC51D9AC
:101E3000EEF0902F8251D2EFF0302E2A902F7F12A9
:101E400044FC6022902F82B163C003C002C00190A5
:101E50002F7F51ECD001D002D0037F13120899904C
:101E60002F82E02413F0902000E0FF902F82F136C3
:101E70008173902F771212D9E4902F7AF090217A03
:101E8000E0FE902F7AD1CD51D9EEF0902F7A51D239
:101E9000EFF0302E2A902F771244FC6022902F7A98
:101EA000B163C003C002C001902F7751ECD001D0C4
:101EB00002D0037F13120899902F7AE02413F07C4C
:101EC000207D02902F7AE0FB7F4F8173FEE0FD04BE
:101ED000F074022D22902F7B1212D9E4902F7EF005
:101EE000902399E0FE902F7ED1CD51D9EEF0902F26
:101EF0007E51D2EFF0302E2A902F7B1244FC6022CC
:101F0000902F7EB163C003C002C001902F7B51ECC3
:101F1000D001D002D0037F13120899902F7EE024C5
:101F200013F07C207D02902F7EE0FB7F4781737C45
:101F3000207D02E0FB227C207D02E0FB22FFE0FC12
:101F4000A3E0AA04F922F01208A3902640EFF022A1
:101F5000F0902D5E0212D07BFF7D010208BC902F15
:101F6000061236FD1212D9902F07E06025902F0639
:101F7000E02480FF120C8B902F081244B6902F099A
:101F8000E41217EA902F07E014F0902F06E004F017
:101F900080D522E0FF902616E02F22902FEA121221
:101FA000D91208CB902FEA1212D0EE8FF002105FF8
:101FB000E0902E78F0E4FDEB4A601AA9037B0190D3
:101FC00029811212D9902E78E0902980F090297EF4
:101FD000EFF0A3EDF0902E7A74FFF07F01122982CA
:101FE000902980E0240312A0A9902980E024031204
:101FF000A07F90297FE012A0A990297F12A07E9057
:10200000297EE012A0A990297E12A07EE4902E796C
:10201000F09029811212D0E94A602E902980E0FFC9
:10202000902E79E0FEC39F50208E8212287111A954
:102030009029811212D0902E79E0F5821228711128
:102040007F902E79E004F080C8902E7AE0FF120095
:1020500026D24B7B017A29798B029F9BE490217DCC
:10206000F090217CF090217BF022902160F0115CB7
:10207000E4902417F0902416F0902415F022E0FE4E
:10208000EF6E902E7AF022A907AE03EE70047C0763
:102090007DFFAF01AB05AA04902E78EEF07D011212
:1020A0009FB79021657401F022FF122982902E7A49
:1020B000E0FF2290264511CB7B027F12029C739099
:1020C000241211CB7B027FAB029C73E0902002F0C4
:1020D000A3EFF07C207D0222902001E0A311CF7BB2
:1020E000027F54029C73EF600E12448BE4902EC862
:1020F000F0FD7F81129B932290240F11CB7B027FF6
:1021000048029C7390239E31917F42029C739021E0
:1021100068E0FF64026009EF64036004EFB4040345
:10212000D38001C3229023B511CB7B027F45029C53
:102130007390216A11CB7B027F57029C73902164BC
:1021400011CB7B027F61029C7390240E11CB7B022A
:102150007F63029C73902648E09020021236FBEBCE
:10216000F07C207D027B047FA4029C7390298FE089
:10217000FF7C267D407B01018790263F11CB7B02AF
:102180007FBE029C7390264311CB7B027FA2029CF0
:1021900073E0902002F07C207D027B01229023AE30
:1021A00031917F24029C73AE0790298FE0FF7C2041
:1021B0007D02AB06018790298FE0902153F0749047
:1021C0002FF582E43429F583E09023C6F0E49021D2
:1021D00065F0902168F02231B6902990E0FFA3E0ED
:1021E00022202F189021555115902156E07E007025
:1021F000027E01EEB50705E4902167F0902167E0CB
:1022000004F0C39402400AD22F9023ACE0FF12994D
:1022100004229023B1E0FF12085DE433FF229023F3
:10222000C7E014F0703190239B123AC07019D22B82
:1022300090239FE07F05B402027F06902641EFF0D5
:102240009020AAE0FF801190239FE07F01B402025A
:102250007F3C9023C7EFF0221208C69020AA74FF9B
:10226000F022902179E014603F24FD601704704152
:102270009023B1E0F46003202C3712980A90217962
:102280007404F022302F0EE4902642F09026410490
:10229000F0902179F0302D069021797401F0302BE7
:1022A000109021797401F0221297C890217974025C
:1022B000F02290217DE0600E14F090217B129D476A
:1022C000400CE4F0800890217CE090217BF0E490C9
:1022D0002178F0902165F022902417E0600E14F030
:1022E000902415129D47400CE4F08008902416E0DD
:1022F000902415F080D8902646E0705090264674C1
:1023000001F0901255E01213E6A32201A32602A3C6
:102310002C03A33204A33805A33E06A347070000FD
:10232000A34CE4FB80037B01E4FD8016E4FB7D010C
:1023300080107B017D01800AE4FB7D0280047B012B
:102340007D027F01020B7D7F01121EC02290306052
:10235000EFF075FF01433A02533EFD853EA0853AFA
:10236000CA7F01123E9EE4902646F0902646E00485
:10237000F0E0B464F6E4902646F0E5A020E11D907C
:102380003060E0B40505901255800B901255E004C2
:10239000F0D3940740037401F07F0022903060E096
:1023A000FF64016010EF6402600BEF64046006EFED
:1023B000B4060280009021607401F0902154EFF087
:1023C0007F0122EFD3943F5006EFC3940350037F65
:1023D000002222FE12088071C3902411E022902D69
:1023E000A11212D991157A267949120876902DA159
:1023F0001212D0E94A6002801978A47C2D7D017BFD
:10240000FF7A0479E17E007F06120E1A7B017A2D95
:1024100079A4029BF47B017A267947902E8A0212D6
:10242000D9902DAB123AC0700B206D081297A312F1
:10243000448B71DE22227F0022902FEDEFF0E4909A
:102440002FEFF012003EEF7002A146122B1D902FCD
:10245000EEEFF0902989E014604F14606014606E14
:1024600014606D147002A10D24056002A136902F36
:10247000EEE0B4011190298574FFF0E4902984F016
:10248000D24AB182807C204B02A138902FEEE0FF2F
:10249000B40605A37402800CEF64156002A13890A5
:1024A0002FEF7405F0C24BA138902FEEE0FFC394DC
:1024B000035002A136EFD394B4400280799029846E
:1024C000E0600B902FEEE0D3940140028068B1826F
:1024D000902984E0FFC394B45026902FEEE0FE7460
:1024E0008D2FF582E43429F583EEF0902984E00401
:1024F000F0A3E06EB1B8902984E0C39F400480004F
:10250000B1827B017A297987129F9B802B902FEDD6
:10251000E0601E902985E0FF902FEEE0B507097F6F
:1025200006B19A7401F0800E7F15B19A7403F080A1
:10253000057F18120026B189902FEFE07008120075
:102540003EEF6002814B902FEFE07030304A1590E3
:10255000298712979B902986B1914008B189902FC5
:10256000EF7404F0304B1590298B12979B90298AB9
:10257000B1914008C24B902FEF7405F0902FEFE01F
:10258000FF22902989E004F022E4902989F0C24AD0
:1025900022E0FDC3EF9DEE94002212298212002951
:1025A000902FEF22124432121858E4902984F090B0
:1025B0002989F022E4902640F090298DE0FF22E462
:1025C000FF9139902C7CEFF022902F831245AC9034
:1025D0002F86F0902DAAE0FFF46002D112902F8692
:1025E000E0FFB40103D26D22EF64066005EF6407DB
:1025F000701F306D1CC26D1297A3902F86E0B40639
:1026000008902F831212D061DE902DB2E0FF12806D
:102610003C221208C6902DAA74FFF022EF24FE601F
:102620001114601514601724037019533C7F853C06
:102630008022533F7F853FB022533DFE8003533DB0
:10264000FB853D9022EF24FE601114601514601785
:1026500024037019433C80853C8022433F80853FA2
:10266000B022433D018003433D04853D9022EF2489
:10267000FE601114601514601724037019633C8008
:10268000853C8022633F80853FB022633D0180030B
:10269000633D04853D902275FF0153387F8538FDE9
:1026A00075FF01533B7F853BCB75FF015339FE8599
:1026B00039C975FF015339FB8539C92290302FEF95
:1026C000F0E4A3F0206D35902DADE060031297A3E8
:1026D00090302FE0FF601BB40106A37402F080125B
:1026E000EFB403089030307403F0800690302F74FC
:1026F00001F0903030E0FF600312803C22902DAD5D
:10270000E06009206D061297A37F01227F002290CE
:102710002DB1E0FFF460031208C122902991E0FE80
:10272000902158F0902990E0FF2212107EA804A971
:1027300005AA06AB07A3E0FFE4FCFDFE22E0FF24B0
:1027400093F582E43429F583E022EF75F003A424A5
:102750006CF582E43421F58322E0FF25E0FE24922B
:10276000F582E43429F583E022EF75F003A424A078
:10277000F582E43423F58322902C80F0902991E0B7
:10278000902C83F0FD902992E0FEA3E07A002400D3
:10279000FF22902990E0FEA3E07C002400FFEC22C1
:1027A000E0FF7B017A20790222EF25E024B6F58252
:1027B000E43423F583E4F0EF25E024B7F582E43434
:1027C000232275F0AA9024180212C4E0FEA3E0FFB1
:1027D0007B017A2079AB22902C83E0FF902C82E061
:1027E0002FFF902C81E03400FED3EF943CEE943820
:1027F0002275F0AA90217F0212C475F003A424A1CF
:10280000F582E43423F5832275F003A4246DF58268
:10281000E43421F58322902991E0902C80F0D39428
:10282000A822902003F0902992E0902004F09029B3
:1028300093E0902005F022902616E0FF04F0740249
:102840002F22A3E07B00FAE4F9F82275F0AA902188
:102850007E0212C4FF74AB2EF582E43420F583228D
:10286000902178E0FF04F0EFC322E433902640F09B
:1028700022FE902C80F0A3EFF022A3E0FF743C9F97
:1028800004A3F090200274FFF022902411E0902025
:1028900002F004FF22FE74032FF582E43420F58356
:1028A000EEF00F22FEF0902991E0FD22902411E03D
:1028B000FF14F0EF229026407401F022E4902C8067
:1028C000F0A3227B017A2C798022902990E0FF905E
:1028D0002C80E022FF75F0AAEE1212C4AB82AA830C
:1028E000223EFE7C307D23EF2DFFEE3C22EA3E901F
:1028F0002C81F0A3EFF0EDD3223EFEEF2423FFEE78
:102900003430FE22EE7E0024F2FFEE342FFE2290C1
:10291000239FF09023AFF0A3F022EF25E02405FFE2
:1029200090298DE022902991E0902C80F094A822AB
:1029300075F0AA9024190212C4E0902003F09021AF
:1029400061E0227E0074162FFFEE34302290215574
:1029500074FFF0E4A3F0229023ACE0FFF42290296E
:1029600090E0FF902002F0227B017A20790622E09D
:1029700024FF925A020858F582E43429F583E022B4
:10298000C374A29F902D5DF02274EB2EF582E43487
:1029900023227E002419FFEE343022E024EBF5825E
:1029A000E4342322F58274293CF583E0221208677F
:1029B000902411E0FE22245CF582E4342122902947
:1029C0008FE0902000221209D4902DB1E0222459EA
:1029D000F582E4342122E4902410F0A3F022EF5495
:1029E0000FFF74079F22F582E43423F58322A3E0CE
:1029F0002400FFE43322E42DFDEC3408FC22900493
:062A000075EEF0A3EF22C9
:108000009004551236FDEBF07F02120B4B90045F8B
:1080100012AEE460631208CB12C6F9E924EBF9E46E
:108020003AFA1296ED12C6F9E924E812B8FD900466
:1080300055E0FFA3E0FD9004581212D012C62B9019
:10804000045BE0900412F090045CE0900413F09064
:10805000045DE0FBA3E0900414CBF0A3EBF09004EC
:108060005F12C609900457E0FB12A400EF60037F83
:10807000012212C6F9120B5A12BEB47F00229004DC
:10808000801212D990047FEFF0654F6074E54F6461
:10809000EF606EE0FF64EF6068120A47EF60629085
:1080A000047FE0FFAD4F120AD8900484EFF09004F3
:1080B0007FE0FFD265120A56900483E0540F6401FA
:1080C0007061EF605E1296D424DF3187B4030C1226
:1080D00096D4240331874410120EFFEF5460FFBF83
:1080E00020047F2080027F40EF4402900484F0123D
:1080F00096D424BA3187FF1296D424D9128FE38004
:108100002290047FE0FF654F60139003C8E0FEEF0C
:10811000B5060A9003B6E0900484F08006900484CB
:108120007401F0900484E054076401604990048372
:10813000E0540F6404703F900485F01296D424BC80
:108140003187C4540FFF900485E0FEC39F5027126F
:1081500096D4124503EE12BF71FF900484E05407D9
:10816000FD120AD340089004847401F08008900442
:1081700085E004F080C5900484E0FF227E00900436
:10818000381212D0E9240AF9E43AFA020E409004B7
:108190002D1212D91212EE9004381212D9128ACB73
:1081A00012B8FDC2219003C7F09004381296E31272
:1081B000457A7F041208992067151227E712453582
:1081C00012A69C600A128ACB31874480120EFF12DD
:1081D0008ACB3187FF20E7024196E533B4010920BD
:1081E0000606EF20E7024196E5337052300639303B
:1081F00019024196128AC32405318730E70241965D
:10820000128AC3128AECE9240131876403600241B7
:1082100096128AC3128AEC12C6731245359004383E
:108220001212D012A6A0706E9027C0E0FF64036007
:1082300065EFB40109902891E0C3940240583031B1
:108240000D128AC324053187540F64056048128AD1
:10825000C32405318720E70302898F128AC32409CA
:10826000318730E312317E12B5EB128AC3128ADFF6
:1082700012A69504FF80027F00317C128ABD124451
:10828000AEE92DF9EC128AE3E924031227DD12A6E8
:10829000A0600302898F128AC324063187540FFF1E
:1082A0009003B6E07E00B402027E80EF4E9003DEC3
:1082B0001294674A6045E924B73187FF7B017A044D
:1082C000793412BEB912946812953A5407FF129489
:1082D0006824B83187540FFE900434E0540FFDBD7C
:1082E00004047D4080027D00EE4DFEEF7F00B4026D
:1082F000027F80EE4F9003BCF080069003BC74FFB9
:10830000F0128AC324053187FF540F24FE70030244
:10831000887314700302893824FE7003028978245C
:1083200004600302898F128AC324073187FE740A0E
:10833000D39E400A128ACBF9E43AFAE4802DEF206A
:10834000E702E1DF9003DEE04440F0317EC4540FE9
:10835000900435F0600CE0FFD394045005740B9E3C
:10836000400C128ACBF9E43AFA7480020EFF128AAA
:10837000C32409318730E12530E322128AC3240760
:108380003187FDEF240DFFE433FEC3ED12184F508B
:108390000C128AC32409318754F7120EFF128AC3C4
:1083A0002409318730E312317E12B5EB128AC312F1
:1083B0008ADF12A69504FF80027F00317C128ABDFD
:1083C0001244AEE92DF9EC128AE3C003C002C001E9
:1083D00012C66D12130E128AC32409318730E313BB
:1083E000317EC4540FFF128AC3128ADF12A695048D
:1083F000FF80027F00317EC4540FFE128AC324071F
:10840000318724F4C39E128FD7128AC32408318780
:10841000F546E533B40107E5467003D38001C39206
:108420001E201E0FE546654F6009AF46120AB04098
:1084300002A1C9E546AF46B54F027F008F35317EB8
:10844000FF540FFEEFC4540F6E6002A158128AC38E
:108450002405318790042D30E609128ACE318744F5
:108460000D8007128ACE31874409120EFF128AC38B
:108470001244AEAF067E00128AE512459112C5E89D
:10848000128FE3128ACB318730E702E14E128AC3A2
:108490002405318720E702E14E128AC3240931877F
:1084A00030E313317EC4540FFF128AC3128ADF12E5
:1084B000A69504FF80027F00317C128ABD1244AE73
:1084C000E92DF9EC128AE3120E40D394014002E147
:1084D0004E128AC32409318730E313317EC4540F0E
:1084E000FF128AC3128ADF12A69504FF80027F0062
:1084F000317C128ABD1244AEE92DF9EC128AE3E90F
:108500002401318764036002E14EE5406402603873
:10851000128AC32409318730E313317EC4540FFF1C
:10852000128AC3128ADF12A69504FF80027F0031EF
:108530007C128ABD1244AEE92DF9EC128AE312C610
:10854000731296E67B01800612457A1296E6124671
:1085500031120899D222E14E317E540F640F60022D
:10856000E14E128AC32405318730E60A128ACB31E4
:10857000874404120EFF12BF7B501B317EC4540F80
:10858000FF9004381212D012BEFD500A128ACB316D
:10859000874401120EFF128AC324093187FF30E19C
:1085A00009128ACB31874420800BEF30E20A128A0D
:1085B000CB31874440120EFF128AC3240B3187123D
:1085C000C5ECF9E43AFAEFC1D8317EFF540FFDEF64
:1085D000C4540FFCEDC39C4002C1DD128AC3124497
:1085E000AE12BF70654F6002C1DD128AC32409312B
:1085F0008730E06B12BF7B500B128ACB318712C6DB
:10860000AB7405F0EC14900438B5050512453B80B9
:108610000E1212D01244AD12C6FF3AFAE92401310B
:108620008712C5EC128FE3ED6002C1BB128AC3242E
:1086300009318720E302C1BB317E12B5EB128AC338
:10864000128ADF120E40540F7071E92401318754F1
:10865000186068128ACB31874404120EFF805CEDEB
:10866000900438700812453BF9E43A800C1212D09D
:108670001244AD12C6FF12458F12C5E8128FE3EC0B
:10868000146D702F128AC32409318730E325317E9F
:1086900012B5EB128AC3128ADF120E40540F701308
:1086A000E9240131875460600A128ACB318744047F
:1086B000120EFFEC14B5050312C728128AC3240555
:1086C000318790042D30E609128ACE318744148018
:1086D00007128ACE31874410120EFF8071317E540A
:1086E0000FFD12BF7B5067128AC32409318730E027
:1086F0002BED2402540FFD317EC4540FFFEDC39FB8
:10870000504C128AC31244AE12BF70654F703F12B4
:108710008ACB318712C6AB7401F08032EDC394026C
:10872000402C128AC31244AEED24FEFFE434FF1243
:10873000B9FA120E40B54F0B128ACB318712C6AB75
:108740007401F0317EC4540FB5050312C728128A94
:10875000C324043187FF654F6005120AB0505212DE
:10876000BF7B504D317EFF540FFE1294684A60412A
:10877000E924BA3187FD128AC3240831876D70312C
:10878000128AC32409318730E018EFC4540F24FE45
:10879000540F6E701C128ACB318712C6AB7403F073
:1087A000800FEEB4010B128ACB318712C6AB740175
:1087B000F020380302898F128ACB3187FF600302D1
:1087C000898F317EFEC4540FFDEE540F6D7003028D
:1087D000898F128ACBF9E43AFAEF44800289731246
:1087E0008AC3128AECC003C002C00112C66D121304
:1087F0000E128AC32407318724F6128FD9128AC336
:108800002408128187F546E533B40107E546700375
:10881000D38001C3921E301E0851CB12818730E7EE
:1088200014E546654F600EE546F46009AF46120A4E
:10883000B04002218FE546654F6005E546B4FF0470
:108840007F008002AF468F3551CB128187440112E1
:108850000EFF51C3240412818712C5ECF1E351C30A
:10886000240512818720E602218F51CB1281874493
:1088700004217351C32408128187541FFF7E0051C5
:10888000C3240951E1C003C002C00112C66D121316
:108890000E51C32408128187541FFF51C3240712AD
:1088A000818724F6F1D751C3240812818754E0044C
:1088B000900433F0900433E0FD654F602D7E267FF9
:1088C0008B12096B402451C351ECC003C002C0019C
:1088D00051C3240812818754E0FF900433E0C39F02
:1088E000FDD001D002D0031208E451C32408128144
:1088F00087FD541F75F008A4FFED54E012BCBC9036
:108900000433E004F012184E5005E0953440A551B0
:10891000C351ECC003C002C00151C32408128187B7
:10892000541FFDD001D002D0031208E9EF6060515E
:10893000CB1281874401803B51CB128187440212C4
:108940000EFF12BFA560099003BCE054BF6F703FDB
:1089500051C32408128187F5467004E533700DE594
:1089600046654F6007AF46120AB0502351CB1281C3
:10897000874401120EFF80179004301212D0902D00
:10898000461212D990042D1212D0120B00922151CE
:10899000C32405128187FF540F6401600241B2EFC6
:1089A00030E75B51C3240912818730E31112817EC5
:1089B00012B5EB51C351DF12A69504FF80027F0070
:1089C00012817C51BD1244AEE92DF9EC51E3120E37
:1089D0004012C6D512818730E31212817EC4540F33
:1089E000FF51C351DF12A69504FF80027F00128160
:1089F0007C51BD1244AE12AB0F2FF9EE800C51C367
:108A0000240912818712C6D5F9E43AFAE924011241
:108A10008187900436F051CB128187FF9027C0E008
:108A2000FE20060B64036007EE6401600241B2EFB2
:108A300054636401707C900437E0D3940150693032
:108A40000670900436E0FE64086067EE6409600416
:108A5000EEB40404EF30E75A900436E06403704843
:108A6000EF30E74E30191151C351EC12C673124565
:108A7000357B0112A69C603A51C351ECE9240412E3
:108A80008187FF51C351ECE924031281874FFF51C5
:108A9000C351ECE924051281874FFF51C351ECE922
:108AA00024061281874F600A51CB12818754EA1243
:108AB0000EFF51CB12818730E002D22122C4540F25
:108AC000FD7C009004381212D0E92290042D12127D
:108AD000D0E92407229004BF1212D01212EEE9242A
:108AE0000BF9E43AFAE92FF9EE3AFA222409F9E40B
:108AF0003AFA22902C6B1212D97B017A05792090D8
:108B00002C711212D9B1ECF1F5EFFD7C00B1EC1231
:108B1000B92A400122B1C2B1CE7C002400FDEC3E56
:108B2000FCB1DF12B92A400122E4902C74F0B1DFCD
:108B300012B9B0E4902E811244F4A3F0A3F0B1C2B4
:108B4000FF902C711244B6B1DFB1CFFFB1D99000C4
:108B500001EF120F11B1DFEAFFB1D9900002EF125D
:108B60000F11B1DFAF01B1D9900003EF120F1190D7
:108B700000047404120F117406FFB1D9900005B1FE
:108B8000D59000067400120F11900007744A120F5E
:108B9000117406FFB1D9900008B1D5900009740492
:108BA00012C7189005CC9375F005A429F9EA35F0A1
:108BB000FA90000AE4120F11B19790000BE4B1E9AA
:108BC000900007120E7D547F25E0B19690000CEDC9
:108BD000120F11B18FB1E5E9B19690000EED12C7F9
:108BE0001804F0E4902C78F0A3F0A3F0902C6E120F
:108BF000B9DFFF902C78E0C39F4002A18D90000563
:108C0000120E7D5403FF902C7BE054FC4FF0B1BC5E
:108C1000B1F2EF64046026B1C2B1CE12B9F3C00361
:108C2000C002C001B1B251E5C3D082D083D0E012FE
:108C300045CD5007B1BC12B9AE80D3C322B1BCB18F
:108C4000F2EF64047036902C78E004F0B1BC12B9F5
:108C5000E2902C7AF0B1CF540325E025E0FF902C70
:108C60007BE054F34FFFF0B1C85403C454F0FEEF5F
:108C700054CF4E902C7BF0E4902C79F012C6ED404E
:108C80000261ECB1BCB1F2EF64056002A157902C17
:108C900079E004F0B1BCB1CF540712C70FFE540302
:108CA00025E025E04FFFEE131354034FB1969000DB
:108CB0000A12C720B1C512C70FC45403C4333354BA
:108CC000C04FFFB1CF12BE3333333354F84FFF9050
:108CD0000005120E7D12BE334FB19690000BED12BF
:108CE0000F11B1BC12B9E2547F25E0B19690000C8F
:108CF00012C720B1C57007B18FB1E5E9804A902C49
:108D000075B1C5540364037011B19790000DE4125E
:108D10000F11B19790000EE48034902C75B1C520EE
:108D2000E10330E02CB1CF12BE33700F7406B19660
:108D300090000DED120F11744E800D7406B19690D7
:108D4000000DED120F11748EB19690000EED120F02
:108D500011902C74E004F012C6ED4002817CB1C287
:108D6000B1CE12B9F3C003C002C001B1B251E5C324
:108D7000D082D083D0E01245CD5007B1BC12B9AE3D
:108D80008002C322B1BCB1F2BF05D3817CD3229053
:108D90002C6B1212D0EAFD902C74E09005CC9375E8
:108DA000F005A4FF902C711212D0E92FF9EA35F0EA
:108DB000FA22902C751212D0F1F57E00902C7502DB
:108DC00012D0902C6E1212D0900003020E7DFE90F5
:108DD0000002020E7DEF120F11902C710212D09042
:108DE0002C6E0212D090000DED120F11902C6B0220
:108DF00012D0900001120E7DFF229004981212D919
:108E00007F02120B4B90049B12AEE47002E1BCF1A6
:108E1000C612383F7403120EFF9004981212D0E964
:108E20002406128187FF90049812C6DA128187C344
:108E30009F14FFF1C624D8F1E3F1CEE92409128191
:108E40008730E32EF1C6129B2FC003C002C001126F
:108E50000E40FFF1CE128184FE12BE86F1CE124486
:108E6000AD12A68F04FEC3EF9ED001D002D0031234
:108E70000EFFF1C624D8128187FED39426AF064098
:108E8000027F26F1C612AAA4C003C002C001F1CE1F
:108E90001296E6D001D002D003120899F1C612C68C
:108EA000CEE4F1C324BB1281874401120EFF4402B9
:108EB000120EFFF1CEE92408128187FFF1C624B615
:108EC000F1E3F1CEE92404128187FFF1C624BAF15F
:108ED000E3F1C624BC128187FF540FFEEF54F01259
:108EE0000EFF54F0FFEE14540F4FF1C324BB128158
:108EF000874408F1C324BC12818712B5EBF1C62464
:108F0000BD51E17401F1C324BC128187C4540FFF29
:108F1000F1C624BD51E1120E404440F1C324BC12FD
:108F20008187F1EB51E5E924BEF1BD24BC128187B4
:108F3000F1EB51E5E924BFF1BD24BC128187F1EBCF
:108F400051E5E924C0F1BD24BC128187F1EB51E564
:108F5000E924C1F1BD129B2F7405120EAAF1C612AD
:108F6000383F7403F1C324B1128187FFF1C624D8BE
:108F70001281872F04FFF1C624B9F1E3F1C624035F
:108F800012818712C706E0FFF1C624B6128187FD61
:108F9000F1C624BA128187FBC003F1C612C625F1BF
:108FA000C624B112818712C6BDF1EF12C60CD003E0
:108FB00012A40090072EE07003120B5022F9E43A3D
:108FC000FA747F120EFF90049B1212D0E9229004D3
:108FD000981212D00212EEC39FFF90042D1212D0ED
:108FE000E92406F9E43AFAEF020EFFC4540FFF90A9
:108FF000049B0212D0120E40FF221294684AC360F2
:1090000001D34003029465E924B7128187FF7B01F5
:109010007A0479BB12BEB9301F15916824021281FF
:109020008730E50BE490291CF090291BF041D29188
:109030006824DF128187FFC394025002217CEFD3A2
:1090400094044002217C9168240312818730E40259
:1090500001DB916824DF128187FF12BE8DAD07917D
:109060006824BA128187FF902C111212D0120925A0
:109070009004BE916624DF128187FEC39403401BD7
:10908000916824BA128187FFEEB4030A9004BEE00F
:1090900060047D0180027D0212092A9004BEE06016
:1090A00069916824BC12818754F09004BC9167B127
:1090B0003A54076402C37001D392489004BCE02480
:1090C000FF924912AAB6E07E0160027E04EF4ED103
:1090D000FA12BEA09168D1F3EF41CD91682403123A
:1090E000818754EF120EFF91682406B13CFFAEF069
:1090F0009168121823D1EDEF54076402C37001D3B5
:1091000012AAB29004BBE04F8152916824BA128136
:1091100087FDAF4F1209115063916812A686120E97
:10912000FF916824B712818730E722540F640170E1
:109130001C120E4030E710916824BB12818730E486
:10914000067E007F0180127E007F00800C916824E3
:10915000B71281875410FF7E00EF4E600B9168B10B
:109160003A54F844031244CE9168B13A5407640269
:10917000C37001D312AAB2EF440181529168240254
:1091800012818720E20241D2916824DF128187FF99
:10919000C394055005E490297AF0EFD3940540027A
:1091A00041859004BBE0B40108C25E916824BA8096
:1091B00006C25E916824BD12818712A67791682449
:1091C000B6128187FF654F6005120AB0503D916865
:1091D00024B712818730E7339168B13A1246A17003
:1091E0002A916824B9128187D39440501E91681245
:1091F0001823EF54F84402D1EC12C6A24404D1FA69
:10920000916824BB128187441041CD916824BA1221
:109210008187FF7B017A0479BC902CE51212D97A00
:10922000040912C0EE605E9004BC12C5D19168249E
:10923000BC12450A9168124503C003C002C0017BFD
:10924000017A0379D9D1E6D001D002D0031208996E
:109250009168B13AFF9004BDE0FD12BFBC91681265
:109260001823E48FF012105F9168D1F37405120E89
:10927000FF902918E0B40203D38001C3924812C6BC
:10928000A444048152916824DF128187C39406505C
:1092900041916824BA128187FF902C111212D0904C
:1092A00004837401F012807E9168B13A54F8FDE5B0
:1092B000F0FEED4FD1ECEF54076402C37001D312FE
:1092C000AAB2EF4401D1FA9168D1F37406120EFFED
:1092D0008154916824BA128187FFE4FD120A793023
:1092E0001F02815D916824DF128187C394074002C9
:1092F000815D9168240312818720E002815D91687D
:1093000024B6128187FFC007916824BA128187FDB5
:1093100091682408F9E43AFAC003C002C0019168D8
:1093200024B1128187902D9D916724021281875468
:10933000034401902D9E916724DCB13CFFE5F012BF
:1093400046D1D001D002D003D007120AECEF700250
:10935000815DB12DE924051281874420FFB12DE9FB
:109360002429128FE3B12D1245A0B12D1245D4123C
:10937000086C916824EBB13CFFB12DE9128AECE551
:10938000F0B1287405120EFF902710128ACEF9E46E
:109390003AFA12466F916812C63F916812C5D974A5
:1093A0000A75F0F112105F9168B13AAEF054F8D13D
:1093B000ECEF4402FFEEB128E92404128187FF910B
:1093C000682402128FE3B12DE92406128187FF740D
:1093D00040C39F5009916812C6CE742F8018741133
:1093E000D39F500CEF24EFFF916812C6CEEF80069A
:1093F000916812C6CEE4120EFF916824B1128187E3
:10940000FF91682408F9E43AFAC003C002C001B130
:109410002DE92431F9E43AFAD1E6D001D002D003A3
:10942000120899916812AAA47B01C003C002C0016E
:10943000B12D1245FE7B01D1E6D001D002D0037FD1
:10944000111208999168D1F37407120EFF12C6A287
:109450004406D1FA902C111212D0020B5F12ACA06C
:10946000E4FF120B3C22EFF0902C111212D0E922F3
:109470009004DDEEF0A3EFF0902C101246E112BD47
:1094800088AC06AD079004DDE0FEA3E0FFAB07AAC1
:109490000612BCF2ED4C70050DBD00010CD3ED942D
:1094A000FFEC9403500D75FF02EDF586EC4430F5AA
:1094B00085805BD3ED94FCEC940F501AEDAE0478EC
:1094C00002CEC313CE13D8F9AC0675FF02F586ECB5
:1094D0004434F5858038D3ED94F0EC943F5019EC8A
:1094E000C4F854F0C868FCEDC4540F4875FF02F589
:1094F00086EC4438F5858016EDAE047806CEC313AD
:10950000CE13D8F975FF02F586EE443CF585903010
:10951000291245F6D247E4F55475FF02438540759C
:10952000FF02438580D246228FF012105F902710F1
:109530000212D09004441212D0E92404F9E43AFA59
:10954000020FFC7B017A0379C27D05E4FF12086CEF
:10955000900426E0FF9003C2F09003CF1212D0E9EE
:1095600022EF7002C1D391684A7002C1D3E924BBD3
:1095700012818730E002C1D3916824B812818790AC
:109580000465916724BAF9E43AFAD1E67B017A04DA
:1095900079667F07120899916824B6128187900432
:1095A0006DF07F02120B4B90046212AEE47002C1A8
:1095B000D390046212383B7403120EFF900468E0EB
:1095C000C4540FF404FFC3740B9FD1DCE924D812F8
:1095D0008FE3D1DD12B8FAD1DD12AA5C900466E007
:1095E000D1DCE924B6128FE3D1DDE924B712A688D5
:1095F000120EFF4480120EFFD1DDE924B1128187E3
:10960000D1DCE924D81281872F04D1DCE924B912F6
:109610008FE3900465E0540FD1DCE924B8128FE3A6
:1096200090046DE0D1DCE924BA128FE39004681253
:10963000C5D1D1DDE924BB12450A4401120EFF4415
:1096400004120EFFEF24FE540FFF900468E054F064
:10965000FE4FD1DCE924BC128FE3540FFFBF0F0D86
:10966000D1DDE924B71281874440120EFFEEC454C5
:109670000FFED39404AF0640027F04D1DDE912450A
:1096800003C003C002C0017B017A047969D1E6D02E
:1096900001D002D003120899D1DDE9240312818799
:1096A00012C706E0D1DCE924B6128187FDD1DDE9DD
:1096B00024BA128187FBC003D1DDE912C625D1DDB2
:1096C000E924B112818712C6BDD1DD12C60CD003C8
:1096D00012A400229004801212D0E922FF900462AA
:1096E0000212D01212D0902E320212D9FFEE8FF059
:1096F00002105F24DFF9E43AFA22FF902C111212D3
:10970000D09004A81212D9EF540FFE129B2724B850
:1097100012818754F0FDEF54F0FFC4540F4D120E28
:10972000FFEE146067147003029A1524FE700302A2
:10973000984B24FE7003029A7E24036003029B1060
:10974000129B2712AAA4C003C002C0011227E7D1AE
:10975000E6D001D002D0037F04120899129B27247F
:10976000B7F9E43AFA7403129B2424B8128187549F
:10977000F0FF9003DEE0540F4F129B24129B4A74BB
:109780000A129B24129B2F7409029B0D12AA5612D7
:109790009B2724B712A688129B24240212818730AB
:1097A000E01A20E70D129B2724B71281874440124C
:1097B0000EFF129B2712383F74038008129B27125A
:1097C000383F7401120EFF129B272402128187304A
:1097D000E10D129B2724B71281874420120EFF123D
:1097E0009B27240212818730E70D129B2724B71292
:1097F00081874480120EFF129B272402128187303A
:10980000E70E129B2724BA128187129B3DEF700C42
:10981000712724BB12818754F7120EFF7143712701
:1098200024B8128187549FFEEF54604E712424BAED
:10983000128187FF712724D9128FE37F09712724B2
:10984000B11281877111712FEF610D7127240212FE
:10985000818720E60201F5712724091281871246CB
:10986000D99004ACF07404C39E500B7404F0EF5410
:109870000F4440120EFF9004ACE02402FF712771E8
:1098800036C003C002C00171272408F9E43AFA1275
:1098900096E6D001D002D003120899712724B112A4
:1098A0008187FF9004ACE02403FDE433FCD3EF9DFB
:1098B000EC121851403A120E40FF9004ACE0FE2426
:1098C00003FDC3EF9DFF71242408F9E43AFAC003B5
:1098D000C002C001EE240AFDE433FC71272DF9EA31
:1098E0003CFA1296E6D001D002D003120899800506
:1098F000712712B8FB12AA56712724B712A6881234
:109900000EFF4480712424021281879004A830E065
:109910000712383B7403800512383B7401120EFFA6
:1099200071277136E4712424BA128187FFD265123F
:109930000A56EF700221C9712724B6128187FF658C
:109940004F6007120AB0400221C9712724BB12815F
:1099500087FF20E0747127240312818720E46A7155
:10996000277136EF4408712424BC1281879004A823
:1099700012C64D24BD128AE1E4712424BC128187F1
:10998000C4540FFF712724BD128AE1120E40441007
:10999000712424BA128187713DC0077143EF1313FC
:1099A000543FFED0E04EFF712724BC12818712BEC7
:1099B00086712712AB1024BEF9E43AFAEF71241233
:1099C000953A549F1244CE800C712724BB12818794
:1099D00054F7120EFF712724BB12818730E31871F0
:1099E0002724BC12818712B5EB712724BD128AE1AE
:1099F00012A69504FF80027F00712724BC12818784
:109A0000C4540F240B2FFF712724B11281877111C9
:109A1000712FEF610D12AA56712724B712461571E6
:109A200024240212818730E10C712724B712818728
:109A30004420120EFF712724BAF9E43AFA741D711A
:109A4000247136C003C002C0019003BD1296E3D05A
:109A500001D002D0037F1D120899712712383F747C
:109A600001120EFF7F267127712FEF712424B1128E
:109A70008187FEEF042EFF7127714AEF610D712778
:109A800024B8128187540F9004ABF071272402127E
:109A9000818720E64A12AA56712724B7F9E43AFAD8
:109AA00074057124240212818730E10C712724B7D8
:109AB0001281874420120EFF712724B81281875427
:109AC000F0FF9004ABE04F7124240212818730E054
:109AD00018712724B71281874440120EFF800A7143
:109AE0002712C6CE74FF120EAA712712383F7401D6
:109AF0007124712F7411712424B1128187FF712791
:109B000024D81281872F04FF7127714AEF120EFFAC
:109B100022FEEF042EFE9004A81212D0E924B9F917
:109B2000E43AFAEE120EFF9004A81212D0E92224B1
:109B3000D8F9E43AFA2224BBF9E43AFA22FFC265E2
:109B4000020A56C265AF4F020A5624B9F9E43AFA3E
:109B50002290041D1236FA1212D990041DE0FEA3C1
:109B6000E0FFAA06F97B019003CF1212D990041FDF
:109B7000E09003D8F0D39408500302A287EF2407A3
:109B800012AA4812C5E0500302A287E49003D6F05F
:109B90009003E8E09003B6F012093412C6E112AA6D
:109BA00048FF540F64016002813DEF30E754900498
:109BB0001DA3E0FF240912AA4830E31AEF240AF992
:109BC000E43E12A694FD7C00EF240BF9E43EFA1269
:109BD000A68F04FF80027F007E0090041DE0FCA39E
:109BE000E07B01240AF9E43C12A694FD7C00900479
:109BF0001DE0FAA3E07B011244AE12AB0F2FF9EE89
:109C000080071295592409F9E43AFA12383E900473
:109C1000271212D9900427124567FF601B64186051
:109C200017EF64076012EFB40313900427123A94FD
:109C30001227DD12A6A070057FFE120AFB900420F9
:109C40001212D09004301212D912AAAB12818E12C5
:109C5000955924041281879003C8F09003D6E02020
:109C6000E202A1427F01120B4B90042312AEE4707A
:109C700002A142E5357007201E04AF4F8002AF35C8
:109C800012A293E924B6128FE312A2937F031297D4
:109C900001129559240512818730E40E12A293E92E
:109CA00024B71281874410120EFF12A29312B8FA41
:109CB00012A293E912C63F12A29312C5D8740B7573
:109CC000F0B412105F9003D7E0FF12A293E924BA18
:109CD000128FE390042312953654F8FF9003B6E0F8
:109CE0001244CB129559240512818730E51012A237
:109CF00093E924B71281874420120EFF8038900325
:109D0000D21245676401702EE9240112818764181C
:109D100070249003D5E09003D2B4040E12ADF91272
:109D20008187FF12309A8F19800C123A9412818722
:109D3000FF123B698F1912A293120B5F2036031298
:109D40000B50203802A1DB1295592404128187FFA1
:109D5000120AB05002A1DB1295592408128187FF24
:109D6000120AB040761295592408128187654F6017
:109D70006A1295592404128187654F605E9003C76B
:109D8000E0FF20E3149003D6E0FE20E44EEF20E253
:109D90004A202147EE54E2704212C1614440F01261
:109DA000954324041281879003C3F0EF30E3047FCE
:109DB0000080091295592408128187FF12B065129C
:109DC000C61B30E30812955912C5F780047E007F48
:109DD000009003D5E01244D612C60020210302A051
:109DE000A8E490291BF0A3F09003D6E0544264400D
:109DF0006002C17D1295592409128187FF9003CF1B
:109E0000128181FEEFC4540FFDEE54F0FEEF54F0CA
:109E10009003CFB5060712453BF9E480091212D032
:109E20001244AD12C6FF3AFA120E40FF90291CEF01
:109E3000F01D1295591244AE7E00E92D12BF7490A8
:109E4000291BF0902C14E0700302A0C490291BE0A1
:109E5000FF12946824E9128FE390291CE0FF12940A
:109E60006824EA128FE3E412C6B412946824BC1288
:109E7000818754F0FD7C0012947002A0C49003D638
:109E8000E020E102E151E4F5461294684A6075E988
:109E900024B7128187FF540F64017068EF30E75ACE
:109EA00012946824D8128187FFD3940A500302A227
:109EB0008712946824BC128187FEEE540FFDB40F04
:109EC000028028EFD3940A500302A28712946812EA
:109ED0004503ED75830029F9E5833AFA120E40F542
:109EE00046EE54F0FFC4540FB5050A12946824BA24
:109EF000128187F54612C0FF800A12946824BA12B4
:109F00008187F5461294684A700302A0C4129559DD
:109F10002404128187654660099003C7E07003023C
:109F2000A0C4D25E902FF9E546F0120902129559AD
:109F3000240512818730E70E129559240912818772
:109F4000540624FF921D12B06A12A927C21D02A056
:109F5000C49003D6E0542264207062902C14E07008
:109F60000302A0C41295592404128187FF6003B430
:109F7000EF1C1294684A6016E92409128187B40321
:109F80000D902892E0FF1295592404128FE3129548
:109F900059240512818730E70B1295592409128143
:109FA0008720E40B129559240412818712C63112BE
:109FB000B06AAD0712AAAB12C01702A0C49003D6B4
:109FC000E030E40302A0C49003C7E030E20302A043
:109FD000C41295592408128187F4603712C6E11221
:109FE000AA48540FFFBF0203D38001C34025129536
:109FF000592405128187FF20E41930E70B12955987
:10A00000240912818720E40B1295592404128187B8
:10A0100012C6319003D6E030E30612AAAB128DFAD5
:10A0200030670201C412C161E490278FF09003CF22
:10A03000124567701CE9240112818770141295592A
:10A040002402128187700A129559240312818760B5
:10A05000067E007F0180047E007F00EF4E70079037
:10A06000278FE04401F01295432404128187900366
:10A07000C3F0EF30E3047F00800DE5357007201E4C
:10A0800004AF4F8002AF3512B06512C61B30E30833
:10A0900012955912C5F780047E007F009003D5E029
:10A0A0001244D612C600801C902C111244FC60147D
:10A0B000902C10E0600E9003C0E0600812BCC5E474
:10A0C0009003C0F09003D6E020E4099003C7E0209D
:10A0D000E20241877F02120B4B90042A12AEE47019
:10A0E00003C222221245781296E6124631120899CE
:10A0F0009003B6E0F54690042A12383B7403120E22
:10A10000FF9003D5E012C5E014FF518B24D8128FC5
:10A11000E3D3942640047F268008518B24D81281F3
:10A1200087FF518B12AAA4C003C002C0019003CFC5
:10A130001296E3D001D002D0031208999003D5E023
:10A14000FF518B24B1128FE3D394A940047FA980DF
:10A1500008518B24B1128187FF518B2408F9E43A0E
:10A16000FAC003C002C0019003D21296E3D001D01E
:10A1700002D003120899518B24BC128187FF540F1F
:10A18000FE518B24BB12818730E0251EEE90042AFD
:10A19000B4FF0D1212D0E924B71281874440800B1E
:10A1A0001212D0E924B712818754BF120EFF8051DA
:10A1B000EFC4540F146E7048129559240912818708
:10A1C00030E33D9003CF12818112BE861295591261
:10A1D00044AEE92D1245EF540F7025E92401128198
:10A1E000875460FF601ABF20054346208003434622
:10A1F00040518B24BA128187FF518B24D9128FE3EF
:10A200000E518B24BC12818754F0FFEE540F4F5136
:10A210008824BB128187FF30E12A30E327518B2449
:10A22000BC12818712B5EB518B24BD128AE1120E4C
:10A2300040540FFFBF010D12B06AAD07518B12AA37
:10A24000A412BE4A518B24031281874420518824D2
:10A25000B6128187FD518B24BA128187FBC003514E
:10A260008B12C625518B24B1128187900412F0A362
:10A270007481F0A3740BF0A374EBF090042A12C65F
:10A2800009D003AF46910022120EFF90042A121249
:10A29000D0E9229004230212D0E4902C38F0FDFC87
:10A2A000FF1209E8902EFC0212D0902EFC1245AC51
:10A2B000FF902EFFF0E92401128187902F00F0EF2C
:10A2C0006425600512C1EF802351A47401120EFFB2
:10A2D000C222E5407F00B405027F01E4FDFC120AC2
:10A2E000E712C3BD51A412AE0E121410902EFFE05F
:10A2F000FF64236004EFB424057F1002AB17902E97
:10A30000FFE0B4260651A4740261F4902EFFE064CD
:10A3100021707C51A4E924021245E0124677120E06
:10A320004030E12F51A47404120EFFC208902C3863
:10A33000E04440F0540F6404600261F7519E12AE95
:10A340000E12141051A47406120EFF12ACA0E4FFFA
:10A3500002AFF551A47403120EFF51A4E9240112B7
:10A360008187902C3CF0C2121244A6FFBF0412E475
:10A37000519D12AE0E12141051A47406120EFF80DD
:10A3800076D25E51A4E92401128187D1778068904A
:10A390002EFFE0B41106519974068058902EFFE00C
:10A3A000B4100BE4902C38F051A474078046902E22
:10A3B000FFE0642270491244A6FFBF0407E4519EE7
:10A3C000740680303012291244A6FFBF0108902F76
:10A3D00000E0FF02C3D751A47404120EFF1244A67A
:10A3E000FFBF090AE4519D7406120EFF800080072A
:10A3F00051997405120EFF51A412AE0E12141022C0
:10A4000090040DEDF0A3EBF090041A7401F09004A9
:10A410001CEFF0900413E0FE54C0703C900412E076
:10A42000FDD3949F40037F002290040EE0B4FF0907
:10A43000EDD3943640037F002230230C900412E0C9
:10A44000D3942E40037F0022EE20E40C900412E00F
:10A45000D3949740037F002290040DE0B4FF10D105
:10A4600068240312818720E50690040DE54FF090E3
:10A47000040DD16624B6128FE390040ED16624BA7F
:10A48000128FE3D16824DF12B8FD302331C223EFED
:10A49000F46020120A47EF601A90040EE0FF120ADF
:10A4A0004CEF5407C39403402890040EE0129B3DE8
:10A4B000EF701ED16824031281874401801090043C
:10A4C00013E030E60CD170D1681296F37407120EC7
:10A4D000FF900413E05490706E90041AE0640170D1
:10A4E0006690040EE0FF9004161212D07DFF120950
:10A4F00025EF6047D16824BC12818754F06002D1F7
:10A50000709004161295365460600CD168240312C2
:10A5100081874410120EFF12BEA0D16824DF128F73
:10A52000E390041CE05498F0E0FF90041612953676
:10A530005467FEEF4E90041CF0800C12AFE35007FE
:10A54000D168D186120EFF90040EE0FDB4FF079093
:10A550000413E054FAF0902918E09004191246060A
:10A56000AF0512090C4002D17E900419E090291821
:10A57000F0D16824DF1281876002C11E90041AE0C6
:10A5800064016002C11E12AFE35002C117900413B0
:10A59000E054846404707C90297AF0D16824BA1263
:10A5A0008187FF7B017A04791B902CE51212D97AFE
:10A5B00004791912C0EE6066D1681296F374051220
:10A5C0000EFF90041B12C5D1D16824BC12450AD1DC
:10A5D00068124503C003C002C0017B017A0379D928
:10A5E0001296E6D001D002D00312089990041612F8
:10A5F0009536FF900419E0FD12BFBC9004161218A6
:10A600001FE48FF012105FD170900419E090041CC9
:10A61000F0800BD17E8007D168D186120EFFD16801
:10A6200024DF12818770057406120EFF90041CE06F
:10A63000FF90041AE0FD900412E0900440F09004B2
:10A6400013E0900441F0900414E0FBA3E090044276
:10A65000CBF0A3EBF09004161243C890040F121233
:10A66000D0D1A77F0122E0FF9004161212D0E92278
:10A6700090041A7404F022902FF9F0020902900459
:10A6800013E054FBF02224DFF9E43AFA740122E9E2
:10A690002DF9EC3AFA120E40C4540F227A0379B71E
:10A6A0007F0412089EEF2290043B1236FD1212D94D
:10A6B000900441E0FF12AA42E92402128FE3EF7EE8
:10A6C0000030E1047F0880027F0090044412181FCC
:10A6D0001296ED900440E0FF74A9C39F500374A943
:10A6E000F012AA42E9240312818720E52490044055
:10A6F000E0FF90044412C5F0F9E43AFAC003C00246
:10A70000C00190043D1296E3D001D002D00312089C
:10A7100099900440E0FF12AA42E924B1128FE3901D
:10A720000442E0FEA31245C712C5D8EE12AA3DE9C5
:10A7300012C63F90043BE0FC900447F012C169FE52
:10A740006402603F12AA42E924BA128187F546B436
:10A75000FF0B900447E054F84401F08026EE6404B7
:10A76000600712C169FFBF011AEC5407701512AAE5
:10A770004290043CE0900483F0AF4612807E900447
:10A7800047EFF012953354EF1244CE12C169FFBF68
:10A79000020D1295334410FDE5F08DF012105F129A
:10A7A000AA42E9240312818720E559302031EF6461
:10A7B00004600712C1696406701012C5C4BF0203A9
:10A7C000D38001C39248D249800E12C5C4BF020390
:10A7D000D38001C39248C24912AAB6EE4F800C90B2
:10A7E000043CE0FF9003DEE012C61290043CF0D27D
:10A7F0002090043CE0FF12AA42E924B7128FE354F0
:10A800000F120EFF120B55EF6005E490297AF090BD
:10A810000447E0FF90044412181FE4513DE924036B
:10A8200012818720E50A90043CE0FF514212970113
:10A83000129533FF5142E92406F9E43AFAE5F05162
:10A840003D020B5F90044A1212D99004517406F035
:10A8500090044DE0FE7411D39E4002212274409E6C
:10A86000500221227F02120B4B900452D1E470025D
:10A870002122900451E030200CFED248D24951B63A
:10A88000EE4FF0800FFFB1E5240612818712C61249
:10A89000900451F090044EE0FF900452123A94124A
:10A8A0008FE390045212181FE475F00212105F90AB
:10A8B000045251A0C003C002C00190044A1296E3A2
:10A8C000D001D002D0037F1112089990044DE024EA
:10A8D000EF514FE924B1128FE390045212C5F0F901
:10A8E000E43AFAC003C002C001B1E512460E129666
:10A8F000E6D001D002D0031208995150E912C63FA8
:10A9000090044FE0FEA3E0514F12C5D81296EDD24D
:10A91000209004511245C71297015150120B5F7FCE
:10A920000122D2207F00229004E012946624B71204
:10A930008187FF20E70221CD540F6401600221CD01
:10A9400012946824B6128187FF120AB0400C129448
:10A950006824B6128187654F7073201D70902C1487
:10A96000740112946724BB12818730E34312946808
:10A9700024BC128187902C1112C64D24BD128AE18D
:10A98000120E40540F70291294682FF9EE3AFAE92A
:10A9900024BE1281875460601712946824BC12810F
:10A9A00087C4540F240412C6B47D6E7C0002BDE13E
:10A9B000E49003BB12946724BC128187C4540F75C2
:10A9C000F03EA4FDACF07E0B7FE10294701294681F
:10A9D00024B712818720E73D12946824BA12818738
:10A9E000FF7D01120A7912946824B7128187FF2033
:10A9F000E42330E70B12946824BB12818720E4150E
:10AA000012946824BA128187FF12946851A4AB0192
:10AA10007D01120920D19A7B017A0379E07D047FC0
:10AA20007F12086C9004E012C08512946824E6122C
:10AA30008FE37B017A0379DF7F01020B3C8FF012F9
:10AA4000105F9004440212D0F9E43EFA020E40FF77
:10AA50009004520212D09004A81212D09004D21284
:10AA600012D99004D230221F51A0C003C002C001ED
:10AA70007B017A0379E41296E6D001D002D0037FFD
:10AA800004120899C2222251A0C003C002C00112C0
:10AA900027E71296E6D001D002D0037F040208997E
:10AAA0001212D0E924B2F9E43AFA227B017A03794E
:10AAB000CF229248C24920482A304913E54854F031
:10AAC000FFBFF00353480F74102548F548803CE55C
:10AAD00048540FFFBF0F035348F00548E548540F93
:10AAE000C48028304913E54754F0FFBFF0035347B3
:10AAF0000F74102547F5478012E547540FFFBF0F2D
:10AB0000035347F00547E547540FC454F0FF22E9CB
:10AB10002DF9EC3AFAE92290305DEFF09194A3120E
:10AB200012D9E4902C31F0C206201913902C38E091
:10AB300030E40C90305DE0B411057F01120B0AC2C5
:10AB400019902C38E030E40D90305DE0B41106909F
:10AB50002C2DE54FF0E4902C38F0C22212C1EF12F8
:10AB6000449412087690305DE0641060031208FD92
:10AB7000D1B27B017A2C79377C0C7D40902E4874C1
:10AB800005F0A374FFF00208DA7C0C7D22D1D7E433
:10AB9000A3F00208DA90305FEFF1EE902C3BF0AEBC
:10ABA00004902C39EE1246234E700312C40B9030E1
:10ABB0005FE0FF64036004C226C228EF64037040B4
:10ABC000902C38E030E40AE4F0FDFCFF1209D48058
:10ABD00053D1BC6401701CEF30E61FD1C4600CA3DC
:10ABE000E0FD7A0C7B2C12C189803991A0E4FFD161
:10ABF0003A80311244A6FFBF04047F1171178024EC
:10AC000090305FE064047026902C38E030E406E475
:10AC1000FFFE120A101244A6600A91A07F01F1F50E
:10AC20007F107117E4F540C26012092FC237E4901B
:10AC30002C38F0C22790305FE0B4060AC2247C0CA6
:10AC40007D727F02801F90305FE0B4010BC229C289
:10AC5000247401B1EDFF800D90305FE0B4020974FF
:10AC600004B1ED7F030209E890305FE0B40514D22F
:10AC700027C229C224902C387405F04410F07F01BB
:10AC8000121EC02275550A7C0C7D18D1D7A3740AF8
:10AC9000F00208DA902C2CF0902C3CE0902C2DF057
:10ACA0007B007A007900221244A690305BF01244B7
:10ACB0009412087690305BE0B4091330280C3026EB
:10ACC00009C210A217920C120ABA7F1180573026BF
:10ACD0001C902C3CE0FF600591A0120A74300C3DE2
:10ACE00020033A1227E7E4FD12087B8030902C3CC9
:10ACF000E0FF6029202926120A47EF602020241D4A
:10AD0000902C3CE0FF91A0120A74E536B54F03D3B6
:10AD10008001C34008902C3CE0FF12098990305B11
:10AD2000E060047F107117E4902C3CF022902F67B4
:10AD30001244E49184B1F6128187D394E84002C1B1
:10AD40001B1244A664066002A1E4902F68123A9494
:10AD5000128187902C3BF0902F6812181F1296E6F4
:10AD60007B017A2E79D97F03120899902F681245BA
:10AD700060128187FF30E233902F67E024FCFDE40E
:10AD800034FFFCC3ED9405EC9400401FEF30E10666
:10AD9000A312C5F08006902F68128ACEF9E43AFA21
:10ADA0001296E61246661208998010902F68128A51
:10ADB000CE128187902EDCF0E4A3F0B1F6128187E9
:10ADC0001246461246927A2E79D9122190D11BC290
:10ADD00006C21930270EC227902C2C74019197D1EE
:10ADE000001214102290044A1212D0E922902C383A
:10ADF000F07C0C7D7222902F681212D0E92403227D
:10AE0000A31212D9E4902C31F00B7A2C792C902CCF
:10AE100039E0FEA3E0FFF5828E8322D1AA7407F009
:10AE2000902C3BE0902835D1EB902C3DE090045CD9
:10AE3000F0E4A3F0A3D1CC028000302822D1AA7480
:10AE40000FF0A37402D1EB12B795740CF0A3742722
:10AE5000D1CC128000EF700DFBFAF97F02800491D3
:10AE6000A0E4FFF1F522902C3CEDF0EFC320E101CE
:10AE7000D392257F002025027F02EF4401902C3DD4
:10AE8000D1BBC394065006EF54F04406F09184C23F
:10AE90002774019194D100021410E4902C10F01248
:10AEA000BCF2C246E4F554C247229028337401F044
:10AEB000A3227B017A2C79370208D5F0902C38E058
:10AEC000FF540F22D1B2902C3CE0FF22F0902C3C9A
:10AED000E0FBAD4FE4FF227B017A2C7937902E48BE
:10AEE00074C8F0221212D9EA494B22F07B017A2869
:10AEF00079339004581212D990045B7403F022E560
:10AF0000556002E1AE12C49CE1A6902C2BE0FFD369
:10AF100095344002E1BF120A47EF7002E1A61244E5
:10AF2000A66402703B90283304F0A37409F0902CBF
:10AF30002B1246807A2879371209ED902C29740A51
:10AF4000F0902838E020E15090283BE090283AF03B
:10AF500090283CE090283BF0902C29E014F08038B9
:10AF6000902C2BE0FF7B017A287938E4902E4EF06C
:10AF70001208F87B017A2879387D1D1208E9EF6004
:10AF800025D1AA740AF0902C2BE0902836F0A374F7
:10AF90001DF0902C297422F012C67B12C416EF709B
:10AFA0001912C2498014902C2BE004F0E10A12C659
:10AFB0007B12C416EF700312C24905557F0022D1DF
:10AFC000BCFEBE020AEF54F04403F1EE7F012212F0
:10AFD000B2EA4401F0D1B274059194D10012141078
:10AFE0007F002290040DE0FFA3E0FD020911F0E4D0
:10AFF000902C2BF022AD07902C38E054BFF0902C11
:10B00000347401F0A3740BF0ED60072029047F0075
:10B0100080027F01902C36EF12AEBBFEBE0418ED0D
:10B02000700A902C3CF09007391244F4EF54F0442D
:10B0300009902C38F0800B202903ED700551EA446B
:10B0400009F07B017A2C793412AEF2F195740CF090
:10B05000A3743612AECC128000EF7008FBFAF97FB1
:10B060000212ACA7229003C4EFF09004201212D079
:10B070007D029004B21212D9E49004B5F0A3F0FE60
:10B08000EEC39D5023313B128187FFFB9004B5E452
:10B090008BF0120FD051F1500C313B128187FF9091
:10B0A00004B5E480540E80D89004B51246C1120F46
:10B0B000459004B5122C349450EE9400400B90044B
:10B0C000B5E4F0A3747EF080349004B51222D294DB
:10B0D00028EE9400500B9004B5E4F0A3747DF0804A
:10B0E0001C7C007D9B120F33EF24DAFFEE34C2FE8E
:10B0F0007D64120F9A9004B5EEF0A3EFF09004B5C2
:10B10000A3E0FF229004CF1212D97F01121EC0319A
:10B110004412953C45F060229004CF1212D0C00337
:10B12000C002C001314412953CFFAEF0F58285F0BB
:10B1300083D001D002D003121410229004B2121254
:10B14000D0E92E229004CF1212D0E924DA22120B79
:10B150001EBF06047F0480027F01D118D3229030E5
:10B1600025EDF0A3EBF0EF607BA2EB923AC2EBD2BD
:10B170003B903025E090059F9354069003EAF090B1
:10B180003026E0703CC239510875FF01903027E548
:10B19000DEF075FF01A3E5DFF075FF01E4F5DE7574
:10B1A000FF01F5DFF5FF75CE11F5FFF5CFF5FF7562
:10B1B000CE21F5FFF5CFF5FF75CE31F5FFF5CF8048
:10B1C0000B903026E0B40104D2395108903025E0CC
:10B1D000FF9003EAE0FDE4902E23F0AB1B1232A3B4
:10B1E000402580E8A23A92EBC23BC239E4F5FF5316
:10B1F000B1FD12343075FF01903027E0F5DE75FFA8
:10B2000001A3E0F5DF510822120B28020B32903027
:10B210001DEEF0A3EFF04E600F90301DE0FFA3E0B5
:10B22000902E81CFF0A3EFF0ED4C600AAF05902E89
:10B2300083ECF0A3EFF0EB4A600AAF03902E85EAAF
:10B24000F0A3EFF0D32275FF0143D301EF60077540
:10B25000FF0243D2802275FF0253D27F22C2ED75D6
:10B26000FF0153D3FE51DA43D30112C5B453E7FDB6
:10B270007E057F20D3EF94F0EE940F5005EF540F2E
:10B280006002C3227405C4F854F0C87420C4540F7B
:10B2900048F5CF75C53F75D28CE5D330E7FB433F0A
:10B2A00020853FB075FF0243E704E490301FF0A310
:10B2B000F090301F51CD90301FE0B403F4A3E0B400
:10B2C000E8EF75FF0253E7FBD32290302DE475F0D1
:10B2D00001020FD051DA53D3FE2275FF02E4F5D2FA
:10B2E00075FF01229003C1EFF022902C38E054F05A
:10B2F00022EFB47F03D38001C322EEF0A3EFF0E48A
:10B30000902DD2F090054DE060028155902DCE1227
:10B3100044F4902C57F0902C57E0FF90050893FED2
:10B3200074EE2FF582E43405F583EEF09164E0B419
:10B3300012E47F1DB1577002ECF4600291727F1F1E
:10B34000B1577002ECF46002B10B7B017A2C795991
:10B350007D107F0DB16BE4902C57F0916B941050E1
:10B3600014B1CCF583E0F460089005FE7401F08020
:10B3700004916480E6E4902C57F0902C57E0FF9005
:10B38000052393FE74002FF582E43406F583EEF076
:10B390009164E0B404E4E4902C58F0B1D5744AF020
:10B3A000902C58B1D57403F0E4902C57F0916B9425
:10B3B00004500891C5B1CC915780F291D1E4902C02
:10B3C00057F0916B9402500E91C5745D2FF582E495
:10B3D000342C915780EC91D1E4902C57F0916B94E0
:10B3E00002500E91C5745F2FF582E4342C91578082
:10B3F000EC91D191C5902C61919F91C5902C629157
:10B400009F91D1E4902C57F0916B9406500E91C50A
:10B4100074632FF582E4342C915780ECE4902C5720
:10B42000F0902C57E0FF90051A93FE744E2FF58292
:10B43000E43405F583EEF09164E0B409E490055539
:10B44000E0902DCDF07E057F507D097C00B10F90FE
:10B45000054D7401F0D322F583E0902E6CF07A064E
:10B46000790491A8902C57E004F022902C57E0FF2B
:10B47000C3227E057FF6A10F902FD81236FDEBF088
:10B4800051FF9268902FD8E09005F2F0902FD9E00C
:10B490009005F3F0902FDAE09005F4F0A26822E036
:10B4A000902E6CF07A067904902E661212D9902EA6
:10B4B0006CE0C4540FF13CE4120F11902E6CE0F1DB
:10B4C0003CE4020F117B017A2C7958902E6902120C
:10B4D000D97B017A2C7958902E701212D9902E7344
:10B4E000742DF07A067904902E6D1212D9902E7375
:10B4F000E0FFB1C1FE902E6D1212D08E82B1E4B188
:10B50000C1FF902E6DF169E4020F117E057FF8AB4B
:10B5100007AA068B828A83EDF0ECA3F022902EBD61
:10B52000124528EAF0A3EBF051FF9269902EBDB1CD
:10B53000647002ECF460029172902EBFB1647002EC
:10B54000ECF46002B10B7E057FFA902EC1E0FCA303
:10B55000E0FDB10FA269227B017A2C79697D02B1ED
:10B560006B902C69E0FCA3E0FDF422902EF71236DC
:10B57000FD1212D9902EF8E0604690122CE0601374
:10B58000902EF7E02410FF12BCD6902EF91212D0A4
:10B59000EF8017902EF7E06401902EF970071212D9
:10B5A000D0748080051212D074FF120EFF902EFA14
:10B5B00051CD902EF8E014F0902EF7E004F080B416
:10B5C00022902E701212D07401020E5974592FF568
:10B5D00082E4342C22E0FF04F074042FF582E4347A
:10B5E00006F58322758300EF020F11C4540FFF7E0E
:10B5F000002290302151FA926A902DCEE0FEA3E015
:10B600004E7012306A0F903021E0FFA3E0902DCEF3
:10B61000CFF0A3EFF0A26A22903057EFF0902DCC3C
:10B62000E0146063147002C1B224026002C1DC90B5
:10B630003057E064017017F184128AF3501012C67B
:10B6400058122C0F7B017A3079577D01F10590302B
:10B6500057E0B40202D1FD903057E0FFB40505E495
:10B6600090054DF0EF64047012F184128AF35008D3
:10B6700012C658122C0FD1FD122C56903057E06490
:10B68000037059F1108055903057E07009515D7D7D
:10B69000027F02122EAB903057E0B40202D1FD902F
:10B6A0003057E0B40302F110903057E06404702C7E
:10B6B0008027903057E070077D017F02122EAB90FB
:10B6C0003057E0B40302F110903057E0B405031294
:10B6D000B8E6903057E0B40403122C56903057E08F
:10B6E000FFB4060A902DD2E06004E4F08009EFB4C4
:10B6F0000705E4FF122BB7902DCCE0FF227B017AE7
:10B700003079577D027407120EFF902DCCEDF02298
:10B7100090305974E0F0123B867B017A06794E90A6
:10B720003059E0FF14F0EF600512455580F1122EFC
:10B7300058122E50122C5B7F04022BB7FFF172902F
:10B740002E691212D07401120E59FE902E6612123A
:10B75000D08E82758300EF120F11902E691212D0D5
:10B760007401120E59FF902E661212D08F827583CB
:10B770000022EF540FFFD39409EF50042430FF222E
:10B780002437FF227B017A05794E902C6E1212D954
:10B790007A0579EE22902C3DE090045CF0A3229093
:10B7A000302351FA926B902DD0E0FEA3E04E701240
:10B7B000306B0F903023E0FFA3E0902DD0CFF0A3AB
:10B7C000EFF0A26B22902E5F1212D9902E62EDF054
:10B7D000E41244F551FF4001227E057F5012B91D4D
:10B7E000902E64EEF0A3EFF0902E62E02FFFE43E87
:10B7F000FED3EF94A0EE9400400122E4902E63F07B
:10B80000902E621246F0501E902E5F12B9D4FFEEB9
:10B810001152744E2DF58274053CF583EFF0902E95
:10B8200063E004F080DA7E057F50902E62E01152D2
:10B8300012B50F900552E0FF902E64E0FCA3E024C7
:10B8400050F58274053CF583EFF0900552E004F06A
:10B85000D322FD902E65E02DFD902E64E03400FC97
:10B860002212B2FF924530440B900555E04440F05F
:10B87000902DCDF0903056E0900556F0A2452290E4
:10B880002DCCE0B40202D322C322903058EFF090C6
:10B890002DD3E06F604F903058E0FF64046004EFF8
:10B8A000B40607902DD3EFF08006902DD374FFF0EF
:10B8B000EF24FD601A14601B14602A146011240424
:10B8C0007016122E9DBF010302B7107F0480067F01
:10B8D0000280027F05022BB77F06122BB7903058EB
:10B8E000E0902DD2F0227FE07B017A06794EAE0700
:10B8F0001FEE600512455580F522E924B1F9E43ABE
:10B90000FAE4020EFFAB07AA06EC8B828A83F0A34F
:10B91000EDF0228F828E83A3E0FF7E00228F828E45
:10B92000838F828E83E0FF7E0022902DD7ECF0A3E0
:10B93000EDF0902DD41212D9C26C902DD91212D9DB
:10B94000902DD91212D031A3902DD91212D9902D49
:10B95000D41212D0902DD7E0FEA3E0FF29F9EA3EE1
:10B96000FAC003C002C001A31212D0C3D082D08398
:10B97000D0E01245CD40C9902DD41212D031FBC079
:10B9800003C002C001902DD91212D0D082D083D032
:10B99000E06B7008E965827003EA65837002D26C1F
:10B9A000A26C22120E407E0029F9EE3AFA2231A34F
:10B9B000902C750212D9902FDB1245ACFF7E0190BE
:10B9C0002FDB31DFFDEED39D50098F8231D92FFF60
:10B9D0000E80EC221212D08E82758300020E7D1230
:10B9E00012D0900004020E7D75FF01E5A4C330E47F
:10B9F00001D3227C002400FFEC3EFEE92FF9EA3E51
:10BA0000FA2275FF017C0C7D35121412E47B64FA76
:10BA1000F9F8121116788FA60608A60718E6FC0892
:10BA2000E6FDAE04EEF5A9AF05EFF5A775FF0175CC
:10BA3000A41075FF0275F60275FF0175A41522901A
:10BA40002D4D1212D9902D4D128DC5FF128DCFC3E1
:10BA50009F400122902D501212D0902D541212D9D5
:10BA6000E4902D53F0902D4D31DFFF902D53E0FEEB
:10BA7000C39F502DA331D4FD51C5120E7D8FF0A46C
:10BA8000FF902D53E07A002FFFEA35F0FE902D4D08
:10BA90001212D0710AED120F11902D53E004F080B4
:10BAA000C451C5120E7D2401FFE433FE128DC8FD82
:10BAB0007C00120F4551C5ED120F11900002740168
:10BAC000120ECCD322902D4D1212D09000012230B4
:10BAD0003B3543FA08303905122F418002E4FF124A
:10BAE00035DEE4F5FF53B1FDF5FF43B102E5B130BA
:10BAF000E2FBE4F5FFE5B120E30D43FC047F017EAA
:10BB000000510231E850FCA23B2290000512135D67
:10BB10008F828E832212AEB2902C39E07002A3E0A5
:10BB2000600D7B017A2C792C12A2AAC228C2262091
:10BB30000203120984301108C211E4FFFE120A0B3D
:10BB400022E490305AF090305AE0FFD3946F501EA8
:10BB5000EF2410FF91D690305AE0FEE42EF582E4F7
:10BB6000344FF583EFF090305AE004F080D87B0139
:10BB70007A4F7900902DE1E4F0A37470F07F0F7E8E
:10BB80001D9124EF4E7F0070027F0190122CEFF088
:10BB900024FF22902D191212D9E4902D1FF0911735
:10BBA000128DCFD39400406E902D1C1212D0902D88
:10BBB000211212D9E4902D20F0902D1931DFFF9041
:10BBC0002D20E0C39F502A120E408FF0A4FF902D2D
:10BBD00020E091BC710A120E7DFF902D211212D02F
:10BBE000902D20E0F58212B5E4902D20E004F08045
:10BBF000C8902D19128DC5FD7C00120E402401FF46
:10BC0000E433FE120F459117ED120EFF91179000CD
:10BC10000274FF120ECC22902D190212D090122C19
:10BC2000E024FF22902DDCEEF0A31244E4902DE1FD
:10BC300012180A6051902DDE124567902DE3F090A6
:10BC40002DDF12B2CD7D80ED60E39186EE7C003079
:10BC5000E7027C01902DE3E05D7B0060027B01EB5D
:10BC60006CFCEF25E0FFEE33902DDCF0A3EFF0AF9E
:10BC700004EF600C902DDCE06410F0A3E06421F090
:10BC8000EDC313FD80C1902DDCE0FEA3E0FF227F19
:10BC90000F7E1D91B39124902DE81212D0902DEBC0
:10BCA000E0FD91B3812490122CE060047F10802687
:10BCB0007FFF22902DE1E4F0A3EDF0227C002FFF26
:10BCC000EC35F0FE2230460D91F2E4F554D2477582
:10BCD000FF024385802275FF03E4F59791E9E5971C
:10BCE00020E1FB75FF03AF992275FF038F9875FF65
:10BCF000032275FF0253857F75FF0243851022756D
:10BD0000FF0375970191E9E59720E1FB75FF03AF0C
:10BD10009922304711E554600D15549030291216C0
:10BD2000E660031246E922902DEC1212D9902DEC18
:10BD30001212D0E4120EFF902DEC51C8E4120F1134
:10BD4000902DF3E0900003120F11900002E4120F07
:10BD500011902DF2E0900004120F11902DEF1212AD
:10BD6000D0C003C002C001902DEC1212D09000058B
:10BD700012138D22E4F554C24722128DCFD39400C2
:10BD80007F0050027F0122229004DBEEF0A3129488
:10BD90006612953A5407FF64026005EF640370165B
:10BDA000B1D825E0FBEC33FAEDAE047803C333CE13
:10BDB00033CED8F9801CB1D8AE047803C333CE3368
:10BDC000CED8F9FBAA06EDAE047805C333CE33CE48
:10BDD000D8F92BFFEE3AFE229004DBE0FCA3E0FD55
:10BDE00022902C107401F0C006C007EDAE04780359
:10BDF000C333CE33CED8F9FBAA06AE04ED7805C323
:10BE000033CE33CED8F92BFDEE3AFCD007D0060264
:10BE1000948D7B017A0379DD0208D5122F41EFC49E
:10BE2000540F6FFEEFC41354076EFEEFD1336E5400
:10BE300003FF22C4131313540122121822EE8FF0B1
:10BE400002105F129539FFAEF0229004B71212D99A
:10BE5000128184FF540FFE9004BAF0BE0F04E4F088
:10BE600080069004BAE004F0AE05EFD1869004B7E6
:10BE70001212D012AB0F1246389004BAE029F9EC36
:10BE80003AFAEE020EFFC4540FFD7C0022E4FEEFEE
:10BE9000B402047E0F8006EFB403027E02AF0622D6
:10BEA0007F03902B98E0FEB410031F8006EEB402CF
:10BEB000027F0422C223D22022EF540F24FE6016F8
:10BEC00014601714601824037019EF30E704740429
:10BED000800E7401800A7402800674038002740567
:10BEE000120EFF229003BBE0D394004008E014F050
:10BEF000D39400500612AE9A128FFA22229004AD0B
:10BF00001244E41294684AC36001D35026E924BC69
:10BF1000128187C4540FFF9004ADE0B50715129449
:10BF20006824BA128187FF9004AE12453B128187C4
:10BF30006F6002C322E49004B1F09004ADE0FF9082
:10BF400004B1E0FEC39F50269004AE1212D01244FA
:10BF5000ADEEFFF171FD12946824BD128AE1120E5C
:10BF6000406D6002C3229004B1E004F080CCD32283
:10BF7000ED7E0029F9EE3AFA020E40F1A56021901B
:10BF800003BCE0FEEF6E60181294684A6015E92465
:10BF9000B712818730E70C9003DEE054BFB506038B
:10BFA000D38001C3229003DEE0FF540F22EFC3943D
:10BFB00003500874C92F1246C9EDF022EF54F84D12
:10BFC000FF227F002290046FEDF0A31212D990049B
:10BFD0006EEFF0120AB0400690046EE54FF0900448
:10BFE00074E05437F030E502D223900474E044202A
:10BFF000FFF0C21F90046EE0900470124292121281
:10C00000D990047312468990047512C0E190046FB0
:10C01000E0FBE4FF0280009004BF1212D99004C23A
:10C02000ED12946724BA128187FF7D01120A7912FA
:10C03000AE9A9004BF128FD1E9240912818730E3B0
:10C040002C9004BF128FD112818412B5EB128AD5C5
:10C05000120E40540FFDBD0114128AD512383E1243
:10C0600096E67B017A0379E07F041208999004C276
:10C07000118512946824E6128FE37B017A0379DF3D
:10C080007F01020B3CE09003DFF0901215E0FF22ED
:10C090001294684A6012EA494B600D1294682402B7
:10C0A00012818730E502D21F229004921212D91217
:10C0B0009559128AECC003C002C00190049212127A
:10C0C000D012130E1295592408128187541FFF9025
:10C0D00004951244B6129559240812818754E0FF42
:10C0E00022E0FFA3E090045DCFF0A3EFF022902CBC
:10C0F000E81212D97A0379D97D01120916EF22903C
:10C1000003C7E030E10AD2361208CBEF90072EF0D9
:10C1100022E4FF1295592405128187FD30E503744E
:10C1200002FF9003D6E030E704EF4480FFED540FA8
:10C13000FDBD0506EF4410FF8026BD011112955983
:10C140002408128187B4FF18EF4404FF801212956F
:10C15000592405128187540FFDBD0204EF4408FFE6
:10C16000223111900426EFF02290043CE0540F227B
:10C17000C236E490072EF09003C104F022E490034D
:10C18000CCF0C21FC222D2202290302BEAF0A3EBC7
:10C19000F012AEAA7411F0A3E536F07E003017025B
:10C1A0007E01902836EEF0AB07C00312462A9004B9
:10C1B000581212D990045B7404F0A3EDF090302B68
:10C1C00011E1D003AD4FE4FF128000EF7011903009
:10C1D0002B1216E6600612ACA0122E8B7F00227F77
:10C1E0000122200C05E536B54F02809D7F00227BA1
:10C1F000017A2C792A0208D5D5550AC20D12AEC48F
:10C20000E4FD120A3D22902C38E0FF30E706547F0F
:10C21000F002AB89902C38E020E504E4FF80027F37
:10C220000290305CEFF012AEB2902C32E0FCA3E052
:10C23000FD4C600790305CE01245BF2212AB895183
:10C240004920E504E4FF512122902C38E0547FF08E
:10C2500022EF602F902C38E030E528E555D3940587
:10C26000500812AEFFEF600480F80555E555D394F1
:10C2700006401BE4F5551244A6601312ACA07F01E2
:10C2800002AFF51244A6FFBF0302D229518F22E468
:10C29000F5551244A6FF64026003BF030612AEFF09
:10C2A000EF70EF22902C38E030E40221EF902891DB
:10C2B000E0704C902C3E04F0A37408F0A37401F0DD
:10C2C0009027C0E014600F14600C147010902C4084
:10C2D000E04402F08007902C40E04404F07B017AB7
:10C2E0002C793E12AEF27F002025027F0290045C82
:10C2F000EFF0E4A3F0A3F07BFFAD4FFF128000222C
:10C3000090305EEFF01244A6FE605390305EE0C3C2
:10C3100020E101D392257F002025027F02EF440116
:10C32000902C3DF0902C3CEDF0EEC39406500C1296
:10C33000B2EA4406F0E4FFFE120A1090305EE030EC
:10C34000E704D20A8006124492120876902C3CE050
:10C35000FF7D102025027D12E4FBFA1209B1229024
:10C360002FDE1212D91244A66406704DD22912ACE7
:10C3700084902FDE123A94128187902C3BF0902FFC
:10C38000DE12ADF912818775F01DA42463F97405DE
:10C3900035F0FEAF01902FDE123ACAC003C002C0D2
:10C3A00001902FDE12453B128187902E0912461C08
:10C3B000D001D002D00312219902AE1B22D230301C
:10C3C00012147B017A2C792A7C0C7D4F12AEDDA3EE
:10C3D00074FFF01208DA22AB07902C39E0FCA3E0DE
:10C3E0004C7002910B7E023025027E04EE440190D7
:10C3F0002C3DF0D212902C3CEBF012B2EA44021227
:10C40000AFEEF55512AEFFEF70FA22902C39740C96
:10C41000F0A3746DF022902DF51212D9AC07E555FA
:10C420007006902C3BE004F0902DFAE0FFA3E09022
:10C430002C32CFF0A3EFF0902C3BE0FF902DF512C3
:10C440003A94128FE3902C38E04480F0AF04AB07AD
:10C45000C003902DF51242931212D9902DF8E0905E
:10C46000045BF0902DF912B798740CF0A37431F0BE
:10C47000D003AD4FE4FF028000919C902E00E0902D
:10C480002DF8F0902E01E0902DF9F0902E02E0FDB5
:10C49000A3E0902DFACDF0A3EDF08116902C38E0BA
:10C4A0004420F02291D875FF03120E40F5D375FF9A
:10C4B00003900001120E7DF5D375FF03128DCFF5A9
:10C4C000D375FF03128DC8F5D375FF0375D40175BD
:10C4D000FF03E5D55402FF2275FF0375D4022291B4
:10C4E000D875FF03E5D5F45402FF2275FF03EF541E
:10C4F0003F4480F5D1E5D520E20AE5D520E005E509
:10C50000D530E1F1E5D55403FF75FF0375D50580FE
:10C51000C775FF03ACD5EC20E13C75FF03ED543F3C
:10C52000F5D175FF03E9F5D375FF03EA540FFF90CA
:10C530002F05E0C4547044804FF5D2E5D520E205C4
:10C54000E5D530E0F6E5D55401FC75FF0343D40290
:10C5500075FF0375D505AF0422C2AF75FF0375D40F
:10C5600004122F2412344C7FE87E03122733B1AC1F
:10C57000121F2E12272A12B2CAC390302EE094D76F
:10C5800090302DE0940340E875FF0175D301B1B4FC
:10C5900043E704B1AC12B2CA90302DE0B403F6A365
:10C5A000E0B4E8F175FF0253E7FB80FEE490302D24
:10C5B000F0A3F02275FF0275D28075FF022275FF8D
:10C5C00003AFD52290043CE0FE900447E05407FFFF
:10C5D00022E0FFC454F0FE22E924DCF9E43AFA2216
:10C5E000FF90041FE0C39F22FA120E40FF90042D1B
:10C5F0001212D0E92408222408F9E43AFEAF0122FD
:10C600009003D21212D0020A421212D090041602E3
:10C6100012D9540FC454F0FEEF4E229003C5EFF030
:10C62000900426E0222408F9E43AFA90040F02125A
:10C63000D9FF90041DE0FAA3E0FB7D01020920244C
:10C64000DAF9E43AFA740B75F04102105FC4540F42
:10C65000FF7E001212D0E922902DD374FFF0902DAE
:10C66000CEE0FEA3E0FFA3E0FCA3E0FD2290042DBA
:10C670001212D0E92403F9E43AFA2212AB89902C81
:10C680003CE0FF7B017A287933902C29E0902DF84B
:10C69000F0902C3DE0902DF9F0A3740CF0A3744AB7
:10C6A000F022D248D24912AAB6EF224403120EFF5A
:10C6B0009003C7229003BBF07E0B7FE1229004120F
:10C6C000F0A37481F0A3740BF0A374E6F02224B1FC
:10C6D000F9E43AFA22900437F0A31212D0E92409BF
:10C6E0002290041DE0FEA3E07B01240522902C7A19
:10C6F000E0FF902C79E0C39F2290045F0212D0EDFE
:10C700007E0029F9EE224420120EFF9003B622C4C7
:10C7100054F0FF902C7BE022120F11902C74E02239
:10C72000ED120F11902C75229003C7E04408F022FF
:00000001FF
